STA,Station Name,River Basin,County,lon_X,lat_Y,Elev_ft,Operator
ABA,ARROYO DEL HAMBRE,EAST BAY,CONTRA COSTA,-122.178,37.977,800,Contra Costa County
ACC,"ALAMEDA CK BL CALAVERAS CK NR SUNOL, CA.",ALAMEDA CR,SANTA CLARA,-121.824,37.504,430,US Geological Survey
ACD,"ALAMEDA CK ABOVE DIV DAM NR SUNOL, CA.",ALAMEDA CR,SANTA CLARA,-121.7735672,37.49743652,930,US Geological Survey
ACK,ARCADE CK NR DEL PASO HTS,AMERICAN R,SACRAMENTO,-121.382,38.634,50,US Geological Survey
ACM,ARROYO CORTE MADERA DEL PRESIDIO,SF BAY,MARIN,-122.535,37.898,3,Marin County
ADR,AUBURN DAM RIDGE,AMERICAN R,PLACER,-121.045,38.882,1200,US Bureau of Reclamation
AFD,AMERICAN R BELOW FOLSOM DAM,AMERICAN R,SACRAMENTO,-121.1667,38.6883,220,US Geological Survey
AFO,AMERICAN RIVER AT FAIR OAKS,AMERICAN R,SACRAMENTO,-121.2277298,38.6354599,72,US Geological Survey
AHD,"ARROYO HONDO NR SAN JOSE, CA.",ALAMEDA CR,SANTA CLARA,-121.7693939,37.46160507,784,US Geological Survey
AHZ,AMERICAN R AT HAZEL AVE BRIDGE,AMERICAN R,SACRAMENTO,-121.224,38.636,100,US Geological Survey
ALN,ALAMEDA CK NR NILES,ALAMEDA CR,ALAMEDA,-121.9607925,37.5871582,86,US Geological Survey
ALO,ALISO CANYON,SANTA CLARA R,VENTURA,-118.555,34.329,2780,Ventura County
ALY,ALLEGHANY,YUBA R,SIERRA,-120.875,39.47,4957,CA Dept of Water Resources/O & M
AMC,ARCADE CREEK AT WINDING WAY,AMERICAN R,SACRAMENTO,-121.347,38.645,70,Sacramento County
ANC,ANTIOCH (USBR),DELTA,CONTRA COSTA,-121.804,38.004,10,US Bureau of Reclamation
ANG,ANGWIN,NAPA R,NAPA,-122.4332,38.5712,1815,CA Dept of Water Resources
ANH,SAN JOAQUIN RIVER AT ANTIOCH,SAN JOAQUIN R,CONTRA COSTA,-121.802,38.018,10,"CA Dept of Water Resources, DES"
APT,APTOS CREEK AT RIDER ROAD,SAN LORENZO R,SANTA CRUZ,-121.8528,37.0361,1123,Santa Cruz County
ARC,MAD RIVER NEAR ARCATA,MAD R,HUMBOLDT,-124.0606155,40.90985107,33,USGS and DWR
ARD,ARCADE CREEK AT SUNRISE BLVD,AMERICAN R,SACRAMENTO,-121.271,38.684,22,Sacramento Dept of Public Works
ARS,ARROWHEAD SPRINGS HOTEL,LYTLE CR,SAN BERNARDINO,-117.264,34.184,2000,None Specified
ARW,ARDEN WAY,AMERICAN R,SACRAMENTO,-121.413,38.596,35,Sacramento County
ASS,ARROYO SECO NR SOLEDAD,SALINAS R,MONTEREY,-121.3227081,36.28052139,399,US Geological Survey
ATL,ATLAS PEAK,NAPA R,NAPA,-122.25,38.433,1660,CA Dept of Water Resources
AVL,ARROYO VALLE NR LIVERMORE,EAST BAY,ALAMEDA,-121.7588425,37.62326431,510,US Geological Survey
AWB,AMERICAN RIVER BELOW WATT AVE BRIDGE,AMERICAN R,SACRAMENTO,-121.387,38.567,50,US Geological Survey
AWP,AMERICAN RIVER AT WILLIAM B POND PARK,AMERICAN R,SACRAMENTO,-121.332,38.591,45,US Geological Survey
BAC,BACON ISLAND AT OLD RIVER,DELTA,SAN JOAQUIN,-121.571,37.972,0,CA Dept of Water Resources/O & M
BAK,BATES CREEK RANCH,SAN LORENZO R,SANTA CRUZ,-121.93,37.0208,440,Santa Cruz County
BAM,BALD MOUNTAIN (KERN CO),KERN R,KERN,-118.279,36.02,8290,Kern County
BAP,BYRON AIRPORT,DELTA,CONTRA COSTA,-121.6225,37.8306,43,Contra Costa County
BAS,SOUTH FORK BATTLE CREEK NEAR MANTON,SACRAMENTO R,TEHAMA,-121.9806747,40.40580368,997,CA Dept of Water Resources
BAT,BATTLE CREEK,SACRAMENTO R,TEHAMA,-122.1463852,40.39820862,200,USGS and DWR
BAW,BROKEN ARROW RANCH,SAN JOAQUIN R,SAN JOAQUIN,-121.512,37.524,3083,San Joaquin County
BBD,BUTTE CREEK NEAR DE SABLA,BUTTE CR,BUTTE,-121.6253128,39.90019608,2000,CA Dept of Water Resources
BBG,BLACK BUTTE GENERATOR,SACRAMENTO R,TEHAMA,-122.3322,39.815,393,US Army Corps of Engineers
BBP,BLACK BUTTE POOL,SACRAMENTO R,TEHAMA,-122.3367,39.8139,518,US Army Corps of Engineers
BBQ,STONEY CK BLW BLACK BUTTE DAM,SACRAMENTO R,TEHAMA,-122.3239,39.8186,366,US Army Corps of Engineers
BBW,BW-12 IMPORT TO BUTTE CREEK,BUTTE CR,BUTTE,-121.6103287,39.88573074,2882,CA Dept of Water Resources
BCC,BLACK CREEK NR COPPEROPOLIS,STANISLAUS R,CALAVERAS,-120.6152039,37.96103668,746,US Geological Survey
BCD,BUTTE CREEK NR DURHAM,BUTTE CR,BUTTE,-121.7774811,39.67801285,190,CA Dept of Water Resources
BCI,BOREL CANAL BLW ISABELLA DAM,KERN R,KERN,-118.4692,35.4756,2540,US Army Corps of Engineers
BCK,BUTTE CREEK NR CHICO,BUTTE CR,BUTTE,-121.7088623,39.72599411,300,US Geological Survey
BCQ,CHOWCHILLA R BLW BUCHANAN DAM,CHOWCHILLA R,MADERA,-119.9903,37.2156,420,US Army Corps of Engineers
BCS,BACK CANYON (SOUTH),CALIENTE CR,KERN,-118.36,35.309,3490,Kern County
BCW,BULL CREEK NEAR WEOTT,EEL R,HUMBOLDT,-124.005043,40.35152817,269,US Geological Survey
BDC,BOULDER CREEK,SAN LORENZO R,SANTA CRUZ,-122.163,37.142,800,Santa Cruz County
BDD,BIG DALTON DAM,SAN GABRIEL R,LOS ANGELES,-117.808,34.17,1587,None Specified
BDL,BELDON LANDING,SACRAMENTO R,SOLANO,-121.9708,38.1869,0,"CA Dept of Water Resources, DES"
BDM,BALD MOUNTAIN (USBR),SAN JOAQUIN R,FRESNO,-119.4,37.067,4720,US Bureau of Reclamation
BDT,SAN JOAQUIN R AT BRANDT BRIDGE,SAN JOAQUIN R,SAN JOAQUIN,-121.3231,37.865,0,CA Dept of Water Resources/O & M
BDV,BLACK RASCAL DIVERSION,MERCED R,MERCED,-120.3944,37.3328,183,US Army Corps of Engineers
BDY,BRANDY CREEK,SACTO VLY NE,SHASTA,-122.567,40.617,1300,US Bureau of Reclamation
BEN,MOKELUMNE R NR THORNTON (BENSON'S FERRY),MOKELUMNE R,SAN JOAQUIN,-121.4389,38.2558,0,CA Dept of Water Resources/NCRO
BET,BETHEL ISLAND,DELTA,CONTRA COSTA,-121.642,38.042,9,CA Dept of Water Resources
BGF,BIG CK DIVERSION NR FISH CAMP,MERCED R,MARIPOSA,-119.61417,37.46944,5400,Madera Irrigation District
BGV,BRIDGEVILLE,VAN DUZEN R,HUMBOLDT,-123.792,40.474,646,CA Dept of Water Resources
BHP,BUCHANAN POOL,CHOWCHILLA R,MADERA,-119.9844,37.2167,613,US Army Corps of Engineers
BIC,BIG CHICO CREEK NEAR CHICO,SACRAMENTO R,BUTTE,-121.7786026,39.76841736,274,CA Dept of Water Resources
BIF,BETHEL ISLAND FIRE,DELTA,CONTRA COSTA,-121.6396,38.0155,20,Contra Costa County
BIM,BIG MEADOWS (DWR),KINGS R,TULARE,-118.842,36.717,7600,CA Dept of Water Resources/Snow Surveys
BJP,BYRON JACKSON PUMPS,SACRAMENTO R,SUTTER,-121.753,38.87,35,Sutter County
BKL,BUCKS LAKE,FEATHER R,PLUMAS,-121.242,39.85,5750,CA Dept of Water Resources/O & M
BLB,BLACK BUTTE,STONY CR,TEHAMA,-122.329,39.808,426,US Army Corps of Engineers
BLC,BLUE CANYON,AMERICAN R,PLACER,-120.7081,39.2761,5280,US Bureau of Reclamation
BLD,BLOODS CREEK,STANISLAUS R,ALPINE,-120.033,38.45,7200,US Bureau of Reclamation
BLL,BLACKLOCK (NE1),SACRAMENTO R,SOLANO,-121.9069,38.1801,0,"CA Dept of Water Resources, DES"
BLM,BLACK MOUNTAIN,SALINAS R,SAN LUIS OBISPO,-120.353,35.395,3625,CA Dept of Water Resources
BLN,BEN LOMOND,SAN LORENZO R,SANTA CRUZ,-122.075,37.093,365,Santa Cruz County
BLP,BLIND POINT,DELTA,CONTRA COSTA,-121.722,38.028,0,CA Dept of Water Resources
BLS,BLACK SPRINGS,STANISLAUS R,CALAVERAS,-120.192,38.375,6500,US Bureau of Reclamation
BLW,BLACK BUTTE WEATHER,STONY CR,TEHAMA,-122.3292,39.8083,425,US Army Corps of Engineers
BM2,BALD MOUNTAIN #2,SAN JOAQUIN R,SAN JOAQUIN,-121.35,37.58,2865,National Weather Service
BMC,BURNING MOSCOW,KERN R,KERN,-118.2547,35.4656,5920,Kern County
BNA,BARONA,SAN DIEGO R,SAN DIEGO,-116.84,32.999,1280,San Diego County
BND,SACRAMENTO RIVER AT BEND BRIDGE,SACRAMENTO R,TEHAMA,-122.1866608,40.28848648,286,USGS and DWR
BNF,NORTH FORK BATTLE CREEK NEAR MANTON,SACRAMENTO R,TEHAMA,-121.9869461,40.42433167,998,CA Dept of Water Resources
BNK,BONANZA KING,TRINITY R,TRINITY,-122.628,41.083,6450,US Bureau of Reclamation
BOB,BOB RABBIT,KERN R,KERN,-118.288,35.568,3848,Kern County
BOC,BOCA RESERVOIR,TRUCKEE R,NEVADA,-120.1,39.383,5521,US Bureau of Reclamation
BOL,BOWMAN LAKE,YUBA R,NEVADA,-120.6536,39.4481,5390,CA Dept of Water Resources
BOP,BOREL POOL,KERN R,KERN,-118.4683,35.6431,2635,US Army Corps of Engineers
BOS,BOREL CANAL SIPHON,KERN R,KERN,-118.5022,35.5931,2520,US Army Corps of Engineers
BOY,BOYNTON SLOUGH AT SPR TRACKS,DELTA,SOLANO,-122.0622,38.2052,0,"CA Dept of Water Resources, DES"
BPD,PARROT DIV FROM BUTTE CREEK,BUTTE CR,BUTTE,-121.7541885,39.70890427,269,CA Dept of Water Resources
BPG,BEAR RIVER AT PLEASANT GROVE RD,BEAR R,SUTTER,-121.4881,38.9833,75,CA Dept of Water Resources
BPK,BALD PEAK,SF BAY,CONTRA COSTA,-122.2219,37.8836,1905,Contra Costa County
BPL,BEAR POOL,MERCED R,MERCED,-120.61,37.3667,459,US Army Corps of Engineers
BPM,BIG PINE MEADOW,KERN R,KERN,-118.063,35.947,7340,Kern County
BPO,BURNS POOL,MERCED R,MERCED,-120.275,37.3767,167,US Army Corps of Engineers
BRA,SALINAS RIVER NEAR BRADLEY,SALINAS R,MONTEREY,-120.8687897,35.93024445,443,USGS and DWR
BRE,BEAR R AT ROLLINS RESERVOIR,BEAR R,PLACER,-120.953,39.133,1945,"Pacific Gas and Electric Company, Auburn"
BRI,VAN DUZEN R NR BRIDGEVILLE AT GRIZZLY CR,VAN DUZEN R,HUMBOLDT,-123.8908768,40.48041534,358,USGS and DWR
BRK,BEAR CK AB HOLSTEN CYN NR RUMSEY,CACHE CR,COLUSA,-122.3427505,38.95767593,920,US Geological Survey
BRL,BURRELL STATION,PAJARO R,SANTA CRUZ,-121.906,37.109,1850,Santa Cruz County
BRW,BEAR RIVER NEAR WHEATLAND,BEAR R,PLACER,-121.4066238,39.00017166,72,USGS and DWR
BSD,BEAR CK BLW EASTSIDE CANAL,SAN JOAQUIN R,MADERA,-120.7194,37.2547,95,CA Dept of Water Resources/SJ District
BSL,BUTTE SLOUGH NR MERIDIAN,SACRAMENTO R,SUTTER,-121.9016495,39.17147446,13,CA Dept of Water Resources
BSO,BUTTE SLOUGH AT OUTFALL GATES,SACRAMENTO R,SUTTER,-121.9365692,39.19515991,50,CA Dept of Water Resources
BTC,SACRAMENTO RIVER AT BUTTE CITY,SACRAMENTO R,GLENN,-121.9941635,39.45783997,99,CA Dept of Water Resources
BTD,BRENTWOOD - CONTRA COSTA CO CORP YARD,EAST BAY,CONTRA COSTA,-121.678,37.92,95,Contra Costa County
BTG,BUTTE CK AT COLUSA/GRIDLEY RD,BUTTE CR,BUTTE,-121.892662,39.36180115,60,"CA Dept of Water Resources, Northern District"
BTR,BATTLE RIDGE,SACTO VLY WEST,TEHAMA,-121.75,40.333,3400,US Bureau of Reclamation
BTS,BATES RIDGE,SANTA MARIA R,SANTA BARBARA,-119.917,34.917,5120,Santa Barbara County
BUC,BUCHANAN DAM,CHOWCHILLA R,MADERA,-119.97,37.213,450,US Army Corps of Engineers
BUD,BULLARDS BAR,YUBA R,YUBA,-121.1439,39.3963,2100,Yuba County Water Agency
BUL,NEW BULLARDS BAR,YUBA R,YUBA,-121.14,39.393,1965,Yuba County Water Agency
BWD,BROWNS CK DIVERSION CANAL NR BASS LAKE,SAN JOAQUIN R,MADERA,-119.5192,37.2886,3583,Pacific Gas & Electric
BWV,BROWNS VALLEY (CORRALITOS 4NW),PAJARO R,SANTA CRUZ,-121.777,37.025,360,Santa Cruz County
BXP,BIXLER PUMPING PLANT,DELTA,CONTRA COSTA,-121.6235,37.9397,14,Contra Costa County
BYL,BRYTE LAB,SACRAMENTO R,SACRAMENTO,-121.53953,38.60014,25,CA Dept of Water Resources/NCRO
C3B,PG&E CONDUIT #3 NR BASS LAKE,SAN JOAQUIN R,MADERA,-119.5289,37.2892,3300,Pacific Gas & Electric
CAG,CAMP ANGELUS,SANTA ANA R,SAN BERNARDINO,-116.978,34.15,5780,None Specified
CAM,CAMPTONVILLE (DWR),YUBA R,YUBA,-121.049,39.451,2755,CA Dept of Water Resources/O & M
CAN,CANTUA CREEK NEAR CANTUA CREEK,CANTUA CR,FRESNO,-120.433,36.405,680,US Geological Survey
CAP,CAPLES LAKE,AMERICAN R,ALPINE,-120.042,38.71,8000,US Bureau of Reclamation
CAS,CASTAIC,SANTA CLARA R,LOS ANGELES,-118.6101,34.5152,1535,CA Dept of Water Resources
CBD,CHERRY CK BL DION R PH NR MATHER,TUOLUMNE R,TUOLUMNE,-119.969902,37.89020157,2150,US Geological Survey
CBP,CHOWCHILLA BYPASS,SAN JOAQUIN R,MADERA,-120.285,36.774,170,San Luis Delta-Mendota Water Authority
CBR,AMERICAN RIVER AT CHILI BAR,AMERICAN R,EL DORADO,-120.816,38.772,931,"Pacific Gas and Electric Company, Auburn"
CBT,CRABTREE MEADOW,KERN R,TULARE,-118.345,36.563,10700,CA Dept of Water Resources/Snow Surveys
CBV,CHERRY CK BL VALLEY DAM NR HETCH HETCHY,TUOLUMNE R,TUOLUMNE,-119.9174042,37.96770096,4337,US Geological Survey
CCE,COW CREEK (USBR),SACTO VLY NE,SHASTA,-121.853,40.603,2840,US Bureau of Reclamation
CCF,CORRALITOS CREEK @ FREEDOM,PAJARO R,SANTA CRUZ,-121.7692,36.9392,100,Santa Cruz County
CCI,CALLEGUAS CREEK - CSU CHANNEL ISLANDS,SANTA CLARA R,VENTURA,-119.04,34.18,70,US Geological Survey
CCK,CANTUA CREEK NEAR MT WHITNEY AVENUE,SAN JOAQUIN VLY WEST,FRESNO,-120.295,36.43,330,CA Dept of Water Resources
CCP,CONCORD PAVILION,SF BAY,CONTRA COSTA,-121.9377,37.985,558,Contra Costa County
CCS,CACHE SLOUGH,DELTA,SOLANO,-121.742,38.295,0,US Bureau of Reclamation
CCY,CACHE CREEK AT YOLO,CACHE CR,YOLO,-121.8071899,38.72712708,86,US Geological Survey
CDM,EF RUSSIAN R BLW COYOTE DAM,RUSSIAN R,MENDOCINO,-123.1864,39.1975,614,US Army Corps of Engineers
CDR,COLUSA DRAIN NR HWY 20,SACRAMENTO R,COLUSA,-122.0605164,39.19551086,60,CA Dept of Water Resources
CDW,LAKE MENDOCINO WEATHER,RUSSIAN R,MENDOCINO,-123.1853,39.2031,670,US Army Corps of Engineers
CEI,CHERRY CREEK NEAR EARLY INTAKE,TUOLUMNE R,TUOLUMNE,-119.9626846,37.89436722,2272,US Geological Survey
CEM,E FK CARSON R NR MARKLEEVILLE,CARSON R,ALPINE,-119.7647,38.7147,5400,US Geological Survey
CFR,COFFEE RIDGE,TRINITY R,TRINITY,-122.717,41.083,3040,US Bureau of Reclamation
CFW,BEAR RIVER AT CAMP FAR WEST DAM,BEAR R,YUBA,-121.317,39.05,260,CA Dept of Water Resources
CGT,COLGATE PH,YUBA R,YUBA,-121.19,39.3308,600,CA Dept of Water Resources
CGV,COSGROVE CK NR VALLEY SPRINGS,CALAVERAS R,CALAVERAS,-120.8472,38.1361,547,US Army Corps of Engineers
CHC,CHEROKEE CANAL NR RICHVALE,COTTONWOOD CR,BUTTE,-121.7447357,39.46470261,106,CA Dept of Water Resources
CHG,CHICAGO,AMERICAN R,SACRAMENTO,-121.254,38.652,210,Sacramento County
CHM,CHILKOOT MEADOW,SAN JOAQUIN R,MADERA,-119.49,37.41,7150,US Bureau of Reclamation
CHT,PAJARO RIVER AT CHITTENDEN,PAJARO R,SANTA CRUZ,-121.5977249,36.90023041,82,USGS and DWR
CHW,CHEWS RIDGE,CARMEL R,MONTEREY,-121.57,36.312,5040,Monterey County
CIS,OLD RIVER AT CONEY ISLAND,SAN JOAQUIN R,SAN JOAQUIN,-121.5369,37.8461,5,CA Dept of Water Resources
CKC,CITY CREEK RANGER STATION,SANTA ANA R,SAN BERNARDINO,-117.181,34.186,2610,None Specified
CKL,CLEAR LAKE AT LAKEPORT,CACHE CR,LAKE,-122.912,39.039,1318,US Geological Survey
CLK,CLEAR LK - KLAMATH R,KLAMATH R,MODOC,-121.075,41.927,4552,US Bureau of Reclamation
CLL,COLLINSVILLE,DELTA,SOLANO,-121.833,38.083,0,US Bureau of Reclamation
CLO,COVELO,EEL R,MENDOCINO,-123.083191,39.826111,1487,CA Dept of Water Resources
CLR,CLEAR CREEK,SACTO VLY NE,SHASTA,-122.667,40.639,3300,US Bureau of Reclamation
CLS,COLLINS LAKE,YUBA R,YUBA,-121.3271,39.3376,1270,Brown's Valley Irrigation District
CLV,RUSSIAN RIVER AT CLOVERDALE,RUSSIAN R,MENDOCINO,-123.0536118,38.87934875,107,CA Dept of Water Resources
CLW,SACTO R AT COLUSA WEIR (CREST 61.8'),SACRAMENTO R,COLUSA,-121.9947586,39.23682022,70,CA Dept of Water Resources
CMF,"COSUMNES R, MID FK. NR SOMERSET",COSUMNES R,EL DORADO,-120.701,38.625,1648,CA Dept of Water Resources
CMG,CUMMINGS PEAK,EAST BAY,CONTRA COSTA,-122.197,38.028,895,Contra Costa County
CML,CARMEL RIVER NEAR CARMEL,CARMEL R,MONTEREY,-121.874,36.539,45,US Geological Survey
CMN,CAMANCHE RESERVOIR,MOKELUMNE R,SAN JOAQUIN,-121.021,38.225,236,East Bay Municipal Utility District
CMR,CARMEL RIVER AT HWY 1 BRIDGE,CARMEL R,MONTEREY,-121.911,36.536,10,Monterey County
CMT,CASTLE MOUNTAIN,SALINAS R,FRESNO,-120.328,35.942,4000,CA Dept of Water Resources/O & M
CNF,"COSUMNES R, NO. FK. NR EL DORADO",COSUMNES R,EL DORADO,-120.843,38.59,840,CA Dept of Water Resources
CNT,CONTRA COSTA,DELTA,CONTRA COSTA,-121.7,37.995,10,US Bureau of Reclamation
COL,SACRAMENTO RIVER AT COLUSA,SACRAMENTO R,COLUSA,-122.0002518,39.21405792,-3,USGS and DWR
COW,COW CREEK NEAR MILLVILLE,SACRAMENTO R,SHASTA,-122.2330551,40.50487518,385,USGS and DWR
COY,COYOTE (LAKE MENDOCINO),RUSSIAN R,MENDOCINO,-123.186,39.197,720,US Army Corps of Engineers
CPR,CAPERTON RESERVOIR,AMERICAN R,SACRAMENTO,-121.218,38.863,620,City of Roseville
CRB,CIRBY CREEK - TINA WAY,AMERICAN R,PLACER,-121.278,38.732,141,City of Roseville
CRD,PETALUMA RIVER NR CORONA ROAD,PETALUMA R,SONOMA,-122.667,38.267,30,City of Petaluma
CRH,CROSS CK AT HOUSTON,KINGS R,KINGS,-119.531387,36.329505,250,US Army Corps of Engineers
CRN,CARNEGIE,SAN JOAQUIN R,SAN JOAQUIN,-121.55,37.617,1720,CA Dept of Parks and Recreation
CRP,CRESTA PARK,AMERICAN R,SACRAMENTO,-121.368,38.593,70,Sacramento County
CRS,MERCED RIVER AT CRESSY,MERCED R,MERCED,-120.663,37.425,165,CA Dept of Water Resources
CRT,CORRECTIONAL CTR,COSUMNES R,SACRAMENTO,-121.424,38.307,18,Sacramento County
CS2,CAMANCHE SO. STA.2,MOKELUMNE R,CALAVERAS,-120.972,38.204,331,San Joaquin County
CSC,CRYSTAL SPRINGS COTTAGE,SAN MATEO CREEK,SAN MATEO,-122.329,37.496,343,City of San Francisco
CSE,COLLINSVILLE ON SACRAMENTO RIVER,DELTA,SOLANO,-121.8501,38.074,0,"CA Dept of Water Resources, DES"
CSK,"CASTAIC CANYON CK, Z3-2388",SANTA CLARA R,LOS ANGELES,-118.6656,34.6061,1651,"CA Dept of Water Resources, Southern Div"
CSU,CALIFORNIA STATE UNIV AT SACRAMENTO,AMERICAN R,SACRAMENTO,-121.416,38.555,25,National Weather Service
CTK,COTTONWOOD CREEK NEAR FRIANT,SAN JOAQUIN R,MADERA,-119.696,36.967,300,US Bureau of Reclamation
CTL,CRESTLINE,MOJAVE R,SAN BERNARDINO,-117.265,34.272,4650,None Specified
CTN,COTTONWOOD CREEK NEAR BEEGUM,COTTONWOOD CR,TEHAMA,-122.881,40.317,3400,US Bureau of Reclamation
CVC,"CASTRO VALLEY CR AT HAYWARD, CA",EAST BAY,ALAMEDA,-122.0805206,37.67993164,100,US Geological Survey
CVL,WEST WALKER NR HWY 395 BLW LITTLE WALKER,WALKER R,MONO,-119.454,38.515,5520,National Weather Service
CVM,CHERRY VALLEY MET STATION,TUOLUMNE R,TUOLUMNE,-119.916,37.97466,4770,City and County of San Francisco PUC
CVP,CHEVRON PUMP PLANT,SAN JOAQUIN R,CONTRA COSTA,-121.855,37.998,130,Contra Costa County
CVS,CALAVERAS RANGER STATION,MOKELUMNE R,CALAVERAS,-120.367,38.198,3360,US Bureau of Reclamation
CWA,COTTONWOOD CREEK AUXILIARY GAGE,COTTONWOOD CR,TEHAMA,-122.2386093,40.38709641,364,US Geological Survey
CXR,CIRCLE X RANCH,VENTURA R,VENTURA,-118.936,34.109,1700,Ventura County
CYG,CYGNUS-CORDELIA SLOUGH,DELTA,SOLANO,-122.0908,38.1527,0,"CA Dept of Water Resources, DES"
CYL,CHERRY LAKE NR HETCH HETCHY (USGS),TUOLUMNE R,TUOLUMNE,-119.913,37.976,4715,US Geological Survey
DAN,DANA MEADOWS,TUOLUMNE R,TUOLUMNE,-119.257,37.897,9800,CA Dept of Water Resources
DAP,DAVENPORT,SANTA CRUZ CO COAST,SANTA CRUZ,-122.1917,37.0197,200,Santa Cruz County
DBD,DISCOVERY BAY AT DISCOVERY BAY BLVD,SAN JOAQUIN R,CONTRA COSTA,-121.6025,37.8928,9,CA Dept of Water Resources
DBF,DUBLIN-SAN RAMON FIRE HOUSE,EAST BAY,CONTRA COSTA,-121.927,37.732,355,Contra Costa County
DBI,DISCOVERY BAY AT INDIAN SLOUGH,SAN JOAQUIN R,CONTRA COSTA,-121.5867,37.9178,6,CA Dept of Water Resources
DBL,MOUNT DIABLO PEAK,EAST BAY,CONTRA COSTA,-121.918,37.88,3690,Contra Costa County
DCC,DRY CREEK NEAR COULTERVILLE,MERCED R,MARIPOSA,-120.312,37.654,728,Merced Irrigation District
DCD,DUCK CK DIVERSION,SAN JACINTO R,SAN JOAQUIN,-120.99,37.9383,113,US Army Corps of Engineers
DCK,DONNER CREEK AT HWY 89,TRUCKEE R,NEVADA,-120.2079773,39.32101822,5870,US Geological Survey
DCM,DRY CREEK AT MODESTO AT CLAUS ROAD,TUOLUMNE R,STANISLAUS,-120.923,37.657,88,CA Dept of Water Resources
DCS,DEER CREEK NR SMARTVILLE,YUBA R,NEVADA,-121.2685699,39.22433853,630,US Geological Survey
DCV,DEER CREEK NR VINA,SACRAMENTO R,TEHAMA,-121.9483185,40.01404572,479,US Geological Survey
DCW,DRY CREEK NEAR WHEATLAND,BEAR R,YUBA,-121.4361,39.0236,63,US Geological Survey
DDC,DARBEE DITCH NR CALLAHAN,SCOTT R,SISKIYOU,-122.8686,41.316,3400,"CA Dept of Water Resources, Northern District"
DDW,DIDDY WELLS,SACTO VLY NE,SHASTA,-122.1,40.7,1300,US Bureau of Reclamation
DEC,DEER CREEK DAM,LYTLE CR,SAN BERNARDINO,-117.502,34.169,2320,None Specified
DES,DE SABLA (DWR),BUTTE CR,BUTTE,-121.61,39.872,2710,CA Dept of Water Resources/O & M
DGC,TRINITY RIVER AT DOUGLAS CITY,TRINITY R,TRINITY,-122.956665,40.64527893,1600,US Geological Survey
DGL,DOUGHTY CUT ABOVE GRANT LINE CANAL,SAN JOAQUIN R,SAN JOAQUIN,-121.425,37.815,18,CA Dept of Water Resources
DGY,DRY CK NR GEYSERVILLE,RUSSIAN R,SONOMA,-122.9569,38.6986,156,US Army Corps of Engineers
DKS,DINKEY CK SIPHON,KINGS R,FRESNO,-119.1242,36.9081,1320,None Specified
DLC,DELTA CROSS CHANNEL BTW SAC R & SNODGRAS,SACRAMENTO R,SACRAMENTO,-121.505,38.245,10,US Geological Survey
DLT,SACRAMENTO RIVER AT DELTA,SACRAMENTO R,SHASTA,-122.4172363,40.93959427,1075,US Geological Survey & US Bureau of Reclamation
DM2,CHECK 20,SAN JOAQUIN R,FRESNO,-120.433,36.831,165,US Bureau of Reclamation
DM3,CHECK 21,SAN JOAQUIN R,FRESNO,-120.374,36.778,164,US Bureau of Reclamation
DMC,DMC HEADWORKS,DELTA,ALAMEDA,-121.588,37.78,200,US Bureau of Reclamation
DNB,SAN JOAQUIN R AT DONNY BRIDGE,SAN JOAQUIN R,MADERA,-119.9658,36.8335,239,US Bureau of Reclamation
DNC,DONNER CREEK AT DONNER LAKE,TRUCKEE R,NEVADA,-120.2343674,39.32351685,5924,US Geological Survey
DNN,DONNER LAKE (DWR),TRUCKEE R,NEVADA,-120.25,39.333,5945,US Geological Survey
DNV,DOWNIEVILLE,YUBA R,SIERRA,-120.8292,39.5586,2920,CA Dept of Water Resources
DOS,MIDDLE FORK EEL RIVER NEAR DOS RIOS,EEL R,MENDOCINO,-123.3252945,39.70626831,900,US Geological Survey
DPC,DEL PUERTO CREEK,SAN JOAQUIN R,STANISLAUS,-121.2081,37.4867,43,US Geological Survey
DPH,DRUM POWER HOUSE,BEAR R,PLACER,-120.767,39.264,3400,Pacific Gas & Electric
DRC,DEER CK FOREBAY (PG&E),YUBA R,NEVADA,-120.825,39.3,4455,Pacific Gas & Electric
DRE,DWINNELL RESERVOIR NEAR EDGEWOOD,SHASTA R,SISKIYOU,-122.3745499,41.54089355,2805,CA Dept of Water Resources
DRF,SMITH RIVER AT DR FINE BRIDGE,SMITH R,DEL NORTE,-124.133,41.883,63,USGS and DWR
DRK,DEER CK,KAWEAH R,TULARE,-119.0789,36.3281,460,US Army Corps of Engineers
DRY,DRY CREEK NEAR HEALDSBURG,RUSSIAN R,SONOMA,-122.8622131,38.58740997,90,CA Dept of Water Resources
DSJ,DUTCH SLOUGH AT JERSEY ISLAND,SAN JOAQUIN R,CONTRA COSTA,-121.671,38.013,10,US Geological Survey
DSN,DRY CREEK NR SNELLING,MERCED R,MERCED,-120.463,37.555,230,Merced Irrigation District
DSR,JT12 DOYLE SPRINGS,TULE R,TULARE,-118.66596,36.189,3940,"Pacific Gas and Electric Company, Auberry"
DSW,DWINNELL DAM SEEPAGE WEIR,SHASTA R,SISKIYOU,-122.3768,41.54199,2750,"CA Dept of Water Resources, Northern District"
DTW,DEER CK AT TRENTON WEIR,TULARE LAKE,TULARE,-119.1808,35.9461,395,US Army Corps of Engineers
DVB,DANVILLE LIBRARY,SF BAY,CONTRA COSTA,-121.9956,37.8208,364,Contra Costa County
DVD,DEER CREEK BELOW STANFORD VINA DAM,SACRAMENTO R,TEHAMA,-122.0343628,39.96361542,335,CA Dept of Water Resources
DVF,DUCK CK DIVERSION NR FARMINGTON,SAN JOAQUIN R,SAN JOAQUIN,-120.93,37.945,146,US Army Corps of Engineers
DVR,DAVIS RANCH,COTTONWOOD CR,TEHAMA,-122.45,40.35,550,US Bureau of Reclamation
DW1,DEADWOOD REPEATER,FRESNO R,MADERA,-119.685,37.3136,4540,US Army Corps of Engineers
DWS,SACRAMENTO DEEP WATER SHIPPING CHANNEL,SACRAMENTO R,YOLO,-121.66667,38.25611,0,US Geological Survey
DYC,DAY CANYON,LYTLE CR,SAN BERNARDINO,-117.537,34.168,2240,None Specified
EBM,EASTSIDE BYPASS BLW MARIPOSA BYPASS,SAN JOAQUIN R,MERCED,-120.6981,37.205,115,CA Dept of Water Resources/SJ District
EBY,ELK BAYOU,TULE R,TULARE,-119.356306,36.124929,248,Kaweah Delta Water Conservation District
ECC,ELIZABETH CANYON CK,SANTA CLARA R,LOS ANGELES,-118.556,34.576,1680,"CA Dept of Water Resources, Southern Div"
ECD,EAST CONTRA COUNTY ID PP#1,DELTA,CONTRA COSTA,-121.625999,37.917863,22,CA Dept of Water Resources
ECK,ELEANOR CK NR HETCH HETCHY,TUOLUMNE R,TUOLUMNE,-119.8821259,37.96908951,4500,US Geological Survey
ECP,ELDER CREEK NEAR PASKENTA,SACRAMENTO R,TEHAMA,-122.5119476,40.02376556,718,US Geological Survey
ECR,EL CAPITAN RESERVOIR,SAN DIEGO R,SAN DIEGO,-116.807,32.882,800,San Diego County
EDA,LOS GATOS CREEK AT EL DORADO AVENUE,LOS GATOS CR (NEAR COALINGA),FRESNO,-120.209,36.167,490,CA Dept of Water Resources
EDB,ELDERBERRY CANYON CK,SANTA CLARA R,LOS ANGELES,-118.62362,34.52335,1554,"CA Dept of Water Resources, Southern Div"
EDV,COYOTE CREEK AT EDENVALE,COYOTE WASH,SANTA CLARA,-121.796,37.271,190,Santa Clara Valley Water District
EFD,EARL LAKE NR FORT DICK,SMITH R,DEL NORTE,-124.1886,41.8428,10,CA Dept of Water Resources
EFM,"EAST FK OF WEST FK MOJAVE R, UPR MILLER",MOJAVE R,SAN BERNARDINO,-117.2919,34.2703,3590,CA Dept of Water Resources/O & M
EGN,COSUMNES RIVER AT EAGLES NEST ROAD,COSUMNES R,SACRAMENTO,-121.26,38.485,100,Sacramento County
EKN,EUREKA CANYON (CORRALITOS 6NW),PAJARO R,SANTA CRUZ,-121.803,37.036,1700,Santa Cruz County
ELC,EL CAPITAN DAM,SAN DIEGO R,SAN DIEGO,-116.808,32.882,600,San Diego County
ELF,SANTA CLARA R AT E LA FALDA WY NR PIRU,SANTA CLARA R,VENTURA,-118.739143,34.403526,710,US Geological Survey
ELG,ELK GROVE FISH HATCHERY,COSUMNES R,SACRAMENTO,-121.374,38.421,45,Sacramento County
ELH,EL RIO (RIO MESA HIGH SCHOOL),VENTURA R,VENTURA,-119.143,34.2523,0,Ventura County
ELK,ELK VALLEY,SMITH R,DEL NORTE,-123.718,41.988,1705,CA Dept of Water Resources
ELN,EASTSIDE BYPASS NEAR EL NIDO,SAN JOAQUIN R,MERCED,-120.6053,37.1475,100,CA Dept of Water Resources
ELW,EASTMAN LAKE WEATHER,CHOWCHILLA R,MADERA,-119.97,37.2133,540,US Army Corps of Engineers
EMM,EMMATON (USBR),DELTA,SACRAMENTO,-121.739,38.083,0,US Bureau of Reclamation
ENG,ENGLEBRIGHT (USACE),YUBA R,NEVADA,-121.267,39.239,551,US Army Corps of Engineers
ENR,LAKE ELEANOR,TUOLUMNE R,TUOLUMNE,-119.88,37.974,4660,Hetch Hetchy Water and Power
ENW,ENGLEBRIGHT WEATHER,YUBA R,NEVADA,-121.2653,39.2372,850,US Army Corps of Engineers
EST,ESTRELLA RIVER NEAR ESTRELLA,SALINAS R,SAN LUIS OBISPO,-120.639,35.717,672,USGS and DWR
EXC,NEW EXCHEQUER-LK MCCLURE,MERCED R,MARIPOSA,-120.27,37.585,879,Merced Irrigation District
FAL,FALSE RIVER,DELTA,CONTRA COSTA,-121.6669,38.0558,0,US Geological Survey
FAR,TRUCKEE RIVER AT FARAD,TRUCKEE R,NEVADA,-120.0340881,39.42796326,5153,US Geological Survey
FBL,FEATHER RIVER AT BOYD'S LANDING,FEATHER R,SUTTER,-121.611,39.045,50,Sutter County
FCC,FRENCH CK @HWY 3 NR CALLAHAN,SCOTT R,SISKIYOU,-122.8588257,41.41174698,2840,CA Dept of Water Resources
FCD,FLOOD CONTROL HQ - CONTRA COSTA CO,SAN JOAQUIN R,CONTRA COSTA,-122.085,37.988,160,Contra Costa County
FCK,FISH CANYON CK,SANTA CLARA R,LOS ANGELES,-118.66083,34.60306,1647,"CA Dept of Water Resources, Southern Div"
FDL,FIDDLETOWN,COSUMNES R,AMADOR,-120.7,38.533,2160,US Bureau of Reclamation
FER,EEL RIVER AT FERNBRIDGE,EEL R,HUMBOLDT,-124.2,40.617,20,USGS and DWR
FFB,SAN JOAQUIN R AT FREMONT FORD BRIDGE,SAN JOAQUIN R,MERCED,-120.9310379,37.30994034,65,US Geological Survey
FGR,FIGUEROA MOUNTAIN,SANTA YNEZ R,SANTA BARBARA,-120.0072,34.7514,3200,Santa Barbara County
FHH,FALLS CK NR HETCH HETCHY,TUOLUMNE R,TUOLUMNE,-119.7633,37.9708,5350,City and County of San Francisco PUC
FHL,FRESNO R ABV HENLEY LAKE,FRESNO R,MADERA,-119.8561,37.1506,540,US Army Corps of Engineers
FLD,FOLSOM DAM,AMERICAN R,SACRAMENTO,-121.167,38.7,350,National Weather Service
FLO,FEATHER RIVER AT LIVE OAK,FEATHER R,SUTTER,-121.636,39.248,65,Sutter County
FLS,FLINN SPRINGS,SAN DIEGO R,SAN DIEGO,-116.864,32.846,880,San Diego County
FLT,GOOD YEAR SLOUGH OUTFALL @ NAVAL FLEET,DELTA,SOLANO,-122.1020479,38.08037934,0,"CA Dept of Water Resources, DES"
FOR,FOUR TREES,FEATHER R,PLUMAS,-121.321,39.813,5150,CA Dept of Water Resources/O & M
FOW,FEATHER R OWA SO BOUNDARY NR GRIDLEY,FEATHER R,BUTTE,-121.6194,39.4025,100,"CA Dept of Water Resources, Northern District"
FPI,KERN POWER HOUSE INTAKE,KERN R,KERN,-118.47686,35.9458,3654,Southern California Edison Company
FPT,SACRAMENTO RIVER AT FREEPORT,SACRAMENTO R,SACRAMENTO,-121.5,38.45,0,US Geological Survey
FRA,FEATHER RIVER AT MILE 61.6,FEATHER R,BUTTE,-121.597,39.468,125,CA Dept of Water Resources
FRE,SACTO R AT FREMONT WEIR (CREST 33.5'),SACRAMENTO R,YOLO,-121.666389,38.759445,40,CA Dept of Water Resources/NCRO
FRG,FROG SPRINGS,KERN R,KERN,-118.189,35.508,4000,Kern County
FRM,FARMINGTON (SPILL ELEV 156.5 FT),LITTLEJOHN CR,SAN JOAQUIN,-120.935,37.915,180,US Army Corps of Engineers
FRN,FORNI RIDGE,AMERICAN R,EL DORADO,-120.213,38.805,7600,US Bureau of Reclamation
FRP,FARRAR PARK,DELTA,SAN JOAQUIN,-121.64,38.012,0,US Bureau of Reclamation
FRT,FRIANT DAM,SAN JOAQUIN R,FRESNO,-119.692,36.995,578,US Bureau of Reclamation
FRU,FRESNO R LEWIS FORK NR OAKHURST,FRESNO R,MADERA,-119.6392,37.345,2295,CA Dept of Water Resources/SJ District
FSB,FEATHER R ABV STAR BEND,FEATHER R,SUTTER,-121.611,39.045,50,CA Dept of Water Resources/NCRO
FSN,SAN DIEGO RIVER AT FASHION VALLEY,SAN DIEGO R,SAN DIEGO,-117.1686478,32.76504898,30,San Diego County
FSW,EEL RIVER AT FORT SEWARD,EEL R,HUMBOLDT,-123.6325302,40.21820068,320,USGS and DWR
FTH,FOOTHILL DITCH,KAWEAH R,TULARE,-119.0131,36.4133,493,US Army Corps of Engineers
FWP,FOLSOM WATER TREATMENT PLANT,AMERICAN R,SACRAMENTO,-121.149,38.687,422,City of Folsom
GAL,ARROYO PASAJERO AT GALE AVENUE,ARROYO PASAJERO,FRESNO,-120.058,36.183,240,CA Dept of Water Resources/O & M
GAS,GASQUET RANGER STATION,SMITH R,DEL NORTE,-123.967,41.85,384,CA Dept of Water Resources
GBR,GERBER,KLAMATH R,SISKIYOU,-121.13,42.205,9999,US Bureau of Reclamation
GCT,GRANTLINE CANAL AT TRACY RD BRIDGE,SAN JOAQUIN R,SAN JOAQUIN,-121.451,37.82,25,CA Dept of Water Resources
GDV,EAST FORK CARSON R NEAR GARDNERVILLE,CARSON R,State of Nevada,-119.703,38.847,4985,US Geological Survey
GDW,GOODWIN DAM,STANISLAUS R,CALAVERAS,-120.6297,37.8628,359,US Bureau of Reclamation
GES,SACRAMENTO RIVER BELOW GEORGIANA SLOUGH,SACRAMENTO R,SACRAMENTO,-121.5234,38.2389,0,US Geological Survey
GGR,GLORIA GRADE,SALINAS R,MONTEREY,-121.277,36.532,1960,Monterey County
GGS,GEORGIANA SLOUGH,DELTA,SACRAMENTO,-121.517,38.238,2,Sacramento County
GIB,GIBSON,SACRAMENTO R,SHASTA,-122.3992,41.0225,1633,CA Dept of Water Resources
GIN,GIN FLAT,MERCED R,MARIPOSA,-119.773,37.767,7050,CA Dept of Water Resources
GKS,GREEK STORE,AMERICAN R,PLACER,-120.558,39.075,5600,US Bureau of Reclamation
GLC,GRANTLINE CANAL (USGS),SAN JOAQUIN R,SAN JOAQUIN,-121.5485,37.8196,10,US Geological Survey
GLE,GRANT LINE CANAL EAST,SAN JOAQUIN R,SAN JOAQUIN,-121.4348562,37.820258,6,CA Dept of Water Resources/NCRO
GLH,GLEN HELEN REGIONAL PARK,LYTLE CR,SAN BERNARDINO,-117.405,34.209,2040,None Specified
GLR,GILMORE RANCH,CALAVERAS R,SAN JOAQUIN,-120.987,38.045,220,San Joaquin County
GNL,GIANELLI MEADOW,STANISLAUS R,TUOLUMNE,-119.892,38.205,8400,US Bureau of Reclamation
GOD,GODFATHER II ON SUISUN SLOUGH,DELTA,SOLANO,-122.0812,38.1238,0,"CA Dept of Water Resources, DES"
GRC,GARCIA RIVER NEAR POINT ARENA,GARCIA RIVER,MENDOCINO,-123.608,38.903,80,Mendocino County Water Agency
GRD,GIRARD,SACRAMENTO R,SHASTA,-122.283,41.133,4800,US Bureau of Reclamation
GRE,GREENVILLE,FEATHER R,PLUMAS,-120.9412,40.1394,3560,CA Dept of Water Resources
GRF,SAN JOAQUIN RIVER AT GRAVELLY FORD,SAN JOAQUIN R,FRESNO,-120.16,36.798,170,US Bureau of Reclamation
GRH,GRANITE HILLS,SAN DIEGO R,SAN DIEGO,-116.917,32.799,533,San Diego County
GRJ,GUADALUPE R ABV HWY 101 AT SAN JOSE,GUADALUPE R,SANTA CLARA,-121.9330139,37.37382889,72,US Geological Survey
GRL,FEATHER RIVER NEAR GRIDLEY,FEATHER R,BUTTE,-121.6475,39.3667,92,CA Dept of Water Resources/O & M
GRM,GREEN MOUNTAIN,SAN JOAQUIN R,MADERA,-119.238,37.555,7900,US Bureau of Reclamation
GRV,GRAVEYARD MEADOW,SAN JOAQUIN R,MADERA,-119.29,37.465,6900,US Bureau of Reclamation
GRY,SISQUOC RIVER AT GAREY,SISQUOC R,SANTA BARBARA,-120.1682053,34.83970261,354,US Geological Survey
GRZ,GRIZZLY RIDGE,FEATHER R,PLUMAS,-120.645,39.917,6900,CA Dept of Water Resources/O & M
GSS,GEORGIANA SLOUGH AT SACRAMENTO RIVER,SACRAMENTO R,SACRAMENTO,-121.518,38.237,10,US Geological Survey
GTM,GOAT MOUNTAIN,SAN JOAQUIN R,MADERA,-119.543,37.27,4520,US Bureau of Reclamation
GTO,GOODWIN TUNNEL OUTLET,SAN JOAQUIN R,SAN JOAQUIN,-120.6822,37.8492,600,US Army Corps of Engineers
GTW,GEORGETOWN (USBR),AMERICAN R,EL DORADO,-120.789,38.925,3250,US Bureau of Reclamation
GVB,RUSSIAN RIVER AT GUERNEVILLE BRIDGE,RUSSIAN R,SONOMA,-122.993,38.501,9,USGS and Sonoma County
GVC,GRASS VALLEY CK NR LEWISTON,TRINITY R,TRINITY,-122.8611374,40.68653488,1680,US Geological Survey
GVT,"GRASS VALLEY CK NR LEWISTON, H2O TEMP",TRINITY R,TRINITY,-122.86,40.6867,1680,US Bureau of Reclamation
GVY,GRASS VALLEY,YUBA R,NEVADA,-121.0672,39.2056,2400,CA Dept of Water Resources
GYB,N YUBA R BLW GOODYEARS BAR,YUBA R,SIERRA,-120.9380035,39.52489471,2453,US Geological Survey
GYN,GREEN VLY CK NORTH OF CORDELIA JUNCTION,DELTA,SOLANO,-122.148,38.2206,0,"CA Dept of Water Resources, DES"
GYS,GOODYEAR SLOUGH,DELTA,SOLANO,-122.095,38.118,0,"CA Dept of Water Resources, DES"
H41,SAN JOAQUIN R AT HWY 41,SAN JOAQUIN R,MADERA,-119.7932,36.8762,260,US Bureau of Reclamation
HAC,RUSSIAN RIVER NEAR HACIENDA BRIDGE,RUSSIAN R,SONOMA,-122.9277725,38.50852203,20,USGS and DWR
HAM,HAMILTON BRANCH,FEATHER R,PLUMAS,-121.0914,40.2725,4560,CA Dept of Water Resources
HCB,HAT CK BLW HAT CK,HAT CR,SHASTA,-121.5523071,40.86252213,3284,CA Dept of Water Resources
HCC,HELMS CK BLW COURTRIGHT,KINGS R,FRESNO,-118.9678,37.0764,7836,"Pacific Gas and Electric Company, Auberry"
HCN,HAT CK NR HAT CK,HAT CR,SHASTA,-121.4227829,40.6891098,4274,CA Dept of Water Resources
HDL,HOADLEY,TRINITY R,SHASTA,-122.75,40.683,4580,US Bureau of Reclamation
HEA,RUSSIAN RIVER NEAR HEALDSBURG,RUSSIAN R,SONOMA,-122.83638,38.6132431,108,USGS and DWR
HEM,HETCH HETCHY MET STATION,TUOLUMNE R,TUOLUMNE,-119.782625,37.945422,3920,City of San Francisco
HHY,HETCH HETCHY RES AT HETCH HETCHY (USGS),TUOLUMNE R,TUOLUMNE,-119.787,37.948,3813,Hetch Hetchy Water and Power
HIB,MERCED R AT HAPPY ISLES BR NR YOSEMITE,MERCED R,MARIPOSA,-119.5587769,37.73159409,4016,US Geological Survey
HID,HIDDEN DAM (HENSLEY),FRESNO R,MADERA,-119.917,37.2,561,US Army Corps of Engineers
HIQ,FRESNO R BLW HIDDEN DAM,FRESNO R,MADERA,-119.8869,37.1044,385,US Army Corps of Engineers
HIW,HENSLEY LAKE WEATHER,FRESNO R,MADERA,-119.8833,37.115,440,US Army Corps of Engineers
HLC,HILLCREST,PIT R,SHASTA,-121.883,40.867,3440,US Bureau of Reclamation
HLD,HIGHLAND PEAK,DELTA,CONTRA COSTA,-121.8084,37.8145,2520,Contra Costa County
HLL,HOLLAND TRACT,DELTA,CONTRA COSTA,-121.579,38.008,0,US Bureau of Reclamation
HLT,MIDDLE RIVER NEAR HOLT,SAN JOAQUIN R,SAN JOAQUIN,-121.5108,38.0031,0,US Geological Survey
HMC,SACRAMENTO R AT HAMILTON CITY-MAIN CH,SACRAMENTO R,GLENN,-121.997879,39.75092316,145,CA Dept of Water Resources/O & M
HNT,HUNTINGTON LAKE (USBR),SAN JOAQUIN R,FRESNO,-119.221,37.228,7000,US Bureau of Reclamation
HNY,HONEYDEW,MATTOLE R,HUMBOLDT,-124.148,40.23,370,CA Dept of Water Resources
HOL,HOLLAND CUT NEAR BETHEL ISLAND,SAN JOAQUIN R,SAN JOAQUIN,-121.5819,38.0164,0,US Geological Survey
HOP,RUSSIAN RIVER NEAR HOPLAND,RUSSIAN R,MENDOCINO,-123.1305618,39.02656174,498,USGS/USACE
HPA,TRINITY RIVER AT HOOPA,TRINITY R,HUMBOLDT,-123.6736679,41.04985046,330,USGS and DWR
HRO,HARVEY O BANKS PUMPING PLANT,DELTA,CONTRA COSTA,-121.623,37.798,4,CA Dept of Water Resources
HRZ,HIRZ,SACRAMENTO R,SHASTA,-122.25,40.9,3200,US Bureau of Reclamation
HSP,HOSPITAL CREEK,SAN JOAQUIN R,STANISLAUS,-121.2308,37.6105,50,CA Dept of Water Resources
HST,AMERICAN RIVER AT H STREET BRIDGE,AMERICAN R,SACRAMENTO,-121.423,38.569,45,CA Dept of Water Resources/O & M
HUN,HUNTER CUT AT MONTEZUMA SLOUGH,DELTA,SOLANO,-122.0527,38.156,0,"CA Dept of Water Resources, DES"
HWB,MINER SLOUGH AT HWY 84 BRIDGE,SACRAMENTO R,SOLANO,-121.6308,38.2917,0,US Geological Survey
HYS,HUYSINK,AMERICAN R,PLACER,-120.527,39.282,6600,US Bureau of Reclamation
IBS,IBIS,DELTA,SOLANO,-122.113,38.157,0,"CA Dept of Water Resources, DES"
ICD,INDIAN CK NR DOUGLAS CITY,TRINITY R,TRINITY,-122.9133,40.6519,1670,US Geological Survey
ICK,INDIAN CREEK,CALIENTE CR,KERN,-118.411,35.282,2790,Kern County
ICR,INDIAN CREEK BELOW INDIAN FALLS,FEATHER R,PLUMAS,-120.962,40.056,3100,CA Dept of Water Resources
IDR,IDRIA,SAN BENITO R,FRESNO,-120.6713889,36.4161,2400,CA Dept of Water Resources/O & M
IGO,CLEAR CREEK NR IGO,SACRAMENTO R,SHASTA,-122.5241776,40.51320648,673,US Geological Survey
IHC,INDIAN CREEK NEAR HAPPY CAMP,KLAMATH R,SISKIYOU,-123.38311,41.83512497,1198,US Geological Survey
INC,INDEPENDENCE CREEK NEAR TRUCKEE,TRUCKEE R,SIERRA,-120.9612427,40.05543518,6920,US Geological Survey
INP,INDEPENDENCE LAKE NEAR TRUCKEE,TRUCKEE R,SIERRA,-120.29,39.452,6921,US Geological Survey
INV,INDIAN VALLEY,CACHE CR,LAKE,-122.533,39.083,1502,Yolo County Flood Control and Water Consv Dist
ISB,ISABELLA DAM,KERN R,KERN,-118.473,35.646,2635,US Army Corps of Engineers
ISD,IRONHOUSE SANITARY DISTRICT,SAN JOAQUIN R,CONTRA COSTA,-121.7094,38.0013,6,Contra Costa County
ISH,ITALIAN SLOUGH HEADWATER NR BYRON,SAN JOAQUIN R,CONTRA COSTA,-121.6017,37.8403,5,CA Dept of Water Resources
IST,SACRAMENTO RIVER AT I STREET BRIDGE,SACRAMENTO R,SACRAMENTO,-121.504,38.589,27,CA Dept of Water Resources/NCRO
IWS,ISABELLA WEATHER,KERN R,KERN,-118.4764,35.6458,2660,US Army Corps of Engineers
JBP,JAMES BYPASS,SAN JOAQUIN R,FRESNO,-120.18,36.653,170,San Luis Delta-Mendota Water Authority
JED,SMITH R NR CRESCENT CITY (JED SMITH SP),SMITH R,DEL NORTE,-124.0761871,41.79150391,120,USGS and DWR
JER,JERSEY POINT,DELTA,CONTRA COSTA,-121.688,38.053,0,US Bureau of Reclamation
JNR,JOHNSON RANCH,EAST BAY,ALAMEDA,-121.604,37.6667,2042,San Joaquin County
JPD,JOHN'S PLACE,YUBA R,NEVADA,-120.98,39.2165,2850,CA Dept of Water Resources
JRM,ST JOHNS R BLW MCKAY POINT,KAWEAH R,TULARE,-119.0483,36.3897,455,US Army Corps of Engineers
JTR,JONES TRACT,DELTA,SAN JOAQUIN,-121.5182,37.9224,-19,CA Dept of Water Resources/NCRO
KCK,KELSEY CK BLW KELSEYVILLE,SACRAMENTO R,LAKE,-122.8392181,39.00839996,1345,CA Dept of Water Resources
KEA,KEARNY MESA,SAN DIEGO R,SAN DIEGO,-117.125,32.813,455,San Diego County
KEL,KELLOGG CREEK NEAR BYRON,EAST BAY,CONTRA COSTA,-121.695,37.255,183,Contra Costa County
KES,KESWICK RESERVOIR,SACRAMENTO R,SHASTA,-122.443,40.601,596,US Bureau of Reclamation
KGR,KREGOR PEAK,EAST BAY,CONTRA COSTA,-121.89,37.943,1894,Contra Costa County
KIG,KLAMATH RIVER BELOW IRON GATE DAM,KLAMATH R,SISKIYOU,-122.444191,41.92791748,2162,US Geological Survey
KIW,KLAMATH R BLW IRON GATE (WATER QUALITY),KLAMATH R,SISKIYOU,-122.443,41.928,2162,Karuk Tribe of California
KKV,KERN R AT KERNVILLE,KERN R,KERN,-118.4225,35.7544,2635,US Army Corps of Engineers
KLY,KELLY RIDGE TUNNEL,FEATHER R,BUTTE,-121.46196,39.5115,886,South Feather Water and Power Agency
KNK,KLAMATH RIVER NEAR KLAMATH,KLAMATH R,DEL NORTE,-123.9795151,41.51095581,60,US Geological Survey
KNL,SACRAMENTO RIVER AT KNIGHTS LANDING,SACRAMENTO R,SUTTER,-121.7163925,38.80334854,30,CA Dept of Water Resources
KOT,STANISLAUS R AT KOETITZ RANCH,STANISLAUS R,STANISLAUS,-121.170194,37.69978,54,CA Dept of Water Resources/SJ District
KPI,KERN POWER HOUSE INTAKE,KERN R,KERN,-118.47686,35.9458,3654,Southern California Edison Company
KRD,"KERN R BL KERN CYN PH DIV DAM, KE-16",KERN R,KERN,-118.7804,35.4602,2100,"Pacific Gas and Electric Company, Auberry"
KRM,KAWEAH R BLW MCKAY POINT,KAWEAH R,TULARE,-119.0486,36.3878,454,US Army Corps of Engineers
KRT,KINGS R NR TRIMMER,KINGS R,FRESNO,-119.1408,36.8747,942,US Army Corps of Engineers
KSP,KAISER POINT,SAN JOAQUIN R,FRESNO,-119.1,37.3,9200,US Bureau of Reclamation
KSV,KLAMATH RIVER NEAR SEIAD VALLEY,KLAMATH R,SISKIYOU,-123.2322769,41.85373688,1320,US Geological Survey
KTL,KETTLE ROCK,FEATHER R,PLUMAS,-120.715,40.14,7300,CA Dept of Water Resources/O & M
KWK,KESWICK (WATER QUALITY),SACRAMENTO R,SHASTA,-122.444458,40.60098267,596,CA Dept of Water Resources
KZK,TRUCKEE RIVER AT KIETZKE,TRUCKEE R,none specified,-119.785,39.531,4432,National Weather Service
LAB,LITTLE TRUCKEE R ABV BOCA RESERVOIR,TRUCKEE R,NEVADA,-120.0843658,39.43574142,5619,US Geological Survey
LAP,LA PORTE (DWR),FEATHER R,PLUMAS,-120.983,39.681,4980,CA Dept of Water Resources/O & M
LBS,LOS BANOS DAM,SAN JOAQUIN R,MERCED,-120.93,36.994,350,CA Dept of Water Resources
LCF,LITTLEJOHN CK AT FARMINGTON,SAN JOAQUIN R,SAN JOAQUIN,-121.0017,37.9267,113,US Army Corps of Engineers
LCH,LINDO CHANNEL NR CHICO,SACRAMENTO R,BUTTE,-121.8688965,39.74916077,183,CA Dept of Water Resources
LCK,LOS COCHES CREEK,SAN DIEGO R,SAN DIEGO,-116.902,32.836,560,San Diego County
LCM,LAS CUMBRES,SAN LORENZO R,SANTA CRUZ,-122.063,37.208,2760,Santa Cruz County
LCO,LINDA CREEK AT CHAMPION OAKS,AMERICAN R,PLACER,-121.247,38.727,140,Placer County
LDC,LITTLE DRY CREEK (USBR),SAN JOAQUIN R,FRESNO,-119.683,36.942,350,US Bureau of Reclamation
LEG,SOUTH FORK EEL RIVER AT LEGGETT,EEL R,MENDOCINO,-123.7205811,39.87459564,747,USGS and DWR
LEW,LEWISTON,TRINITY R,TRINITY,-122.793,40.727,1870,US Bureau of Reclamation
LGC,LOS GATOS CREEK NEAR COALINGA,LOS GATOS CR (NEAR COALINGA),FRESNO,-120.4707108,36.2146759,1080,US Geological Survey
LGN,TUOLUMNE R BLW LA GRANGE DAM NR LA GRANG,TUOLUMNE R,STANISLAUS,-120.4421387,37.6663208,170,US Geological Survey
LGR,LA GRANGE RELEASE,TUOLUMNE R,STANISLAUS,-120.462,37.667,52,US Army Corps of Engineers
LIB,LIBERTY ISLAND @ APPROX CNTR S END,SACRAMENTO R,SOLANO,-121.6849,38.2421,0,US Geological Survey
LIC,LICHAU CREEK,PETALUMA R,SONOMA,-122.633,38.317,600,City of Petaluma
LIS,YOLO BYPASS AT LISBON,SACRAMENTO R,YOLO,-121.587,38.475,0,CA Dept of Water Resources
LKC,LIME KILN CANYON,CALIENTE CR,KERN,-118.448,35.09,4790,Kern County
LKS,LAKESHORE,SACRAMENTO R,SHASTA,-122.383,40.867,1100,US Bureau of Reclamation
LKW,LAKE KAWEAH WEATHER,KAWEAH R,TULARE,-118.6975,36.4153,570,US Army Corps of Engineers
LLC,LOS LAURELES CANYON,SANTA YNEZ R,SANTA BARBARA,-119.8648605,34.54360199,788,US Geological Survey
LMN,LEMONCOVE DITCH,KAWEAH R,TULARE,-119.0061,36.4153,546,US Army Corps of Engineers
LMO,LOOMIS OBSERVATORY,AMERICAN R,PLACER,-121.113,38.815,733,City of Roseville
LMS,LA MESA,SAN DIEGO R,SAN DIEGO,-117.024,32.766,530,San Diego County
LNB,SUTTER BYPASS AT LONGBRIDGE,SACRAMENTO R,SUTTER,-121.84,39.148,64,Sutter County
LON,LOON LAKE (SMUD),AMERICAN R,EL DORADO,-120.323,38.983,6410,Sacramento Municipal Utility District
LOR,LINDA CREEK AT OAK RIDGE ROAD,AMERICAN R,PLACER,-121.266,38.731,150,City of Roseville
LPC,LAPACHET RANCH,CALAVERAS R,SAN JOAQUIN,-120.976,38.032,260,San Joaquin County
LPS,LITTLE POTATO SLOUGH AT TERMINOUS,SAN JOAQUIN R,SAN JOAQUIN,-121.4961,38.0964,0,US Geological Survey
LRS,LOST RIVER,KLAMATH R,MODOC,-121.075,41.926,4480,US Bureau of Reclamation
LRT,LITTLE RIVER NEAR TRINIDAD,EEL R,HUMBOLDT,-124.081459,41.00984955,18,US Geological Survey
LSM,LOS MEDONOS,SF BAY,CONTRA COSTA,-121.8564,37.9973,130,Contra Costa County
LSO,LOS OSOS,COAST-MORRO BAY,SAN LUIS OBISPO,-120.801,35.322,130,National Weather Service
LSP,LAKE SPAULDING (PG&E),YUBA R,NEVADA,-120.633,39.317,5156,Pacific Gas & Electric
LSW,LAKE SONOMA WEATHER,RUSSIAN R,SONOMA,-122.9967,38.7161,224,US Army Corps of Engineers
LTK,LITTLE TRUCKEE R BL BOCA RES,TRUCKEE R,NEVADA,-120.0954742,39.38685226,5500,US Geological Survey
LVO,LIVE OAK CANYON - LIVE OAK DAM,LOS ANGELES R,LOS ANGELES,-117.744,34.134,1510,Los Angeles County
LWL,CACHE CREEK AT LOWER LAKE,CACHE CR,LAKE,-122.565,38.924,1280,Lake County
LWS,LEWISTON (WATER QUALITY),TRINITY R,TRINITY,-122.8036346,40.71931076,1830,US Geological Survey & US Bureau of Reclamation
MAC,MARSH CREEK RESERVOIR,EAST BAY,CONTRA COSTA,-121.725,37.89,205,Contra Costa County
MAH,MAHOGANY,KERN R,KERN,-118.219,36.03,7530,Kern County
MAL,SACRAMENTO RIVER AT MALLARD ISLAND,SACRAMENTO R,CONTRA COSTA,-121.919,38.044,0,"CA Dept of Water Resources, DES"
MAP,MAPEL RANCH,JACALITOS CR,FRESNO,-120.483,36.039,2640,CA Dept of Water Resources/O & M
MBB,MERCED RIVER NEAR BRICEBURG,MERCED R,MARIPOSA,-119.9781,37.5989,1150,Merced Irrigation District
MBH,MERCED R BLW CROCKER-HUFFMAN DAM,MERCED R,MERCED,-120.37,37.515,294,Merced Irrigation District
MBK,KINGS RIVER AT MEADOWBROOK,KINGS R,FRESNO,-118.862,37.081,8150,"Pacific Gas and Electric Company, Auberry"
MBN,MERCED R AT SHAFFER BRIDGE NR CRESSY,MERCED R,MERCED,-120.60778,37.45417,117,Merced Irrigation District
MC7,MCCLOUD RIVER BELOW MCCLOUD DAM,MC CLOUD R,SHASTA,-122.064163,41.122349,2400,Pacific Gas & Electric
MCA,MCCLOUD R AT AH-DI-NA,MC CLOUD R,SHASTA,-122.0967,41.1105,2130,Pacific Gas & Electric
MCC,COSUMNES RIVER NEAR MCCONNELL,COSUMNES R,SACRAMENTO,-121.343,38.358,5,CA Dept of Water Resources
MCD,MCCLOUD RIVER NEAR MCCLOUD,MC CLOUD R,SISKIYOU,-122.059,41.186,2711,Pacific Gas & Electric
MCH,MILL CREEK BELOW HWY 99,SACRAMENTO R,TEHAMA,-122.1046295,40.04005814,230,CA Dept of Water Resources
MCI,MCINTIRE ROAD,MOKELUMNE R,SAN JOAQUIN,-121.038,38.22,180,San Joaquin County
MCS,LAKE MC SWAIN,MERCED R,MARIPOSA,-120.309,37.52,425,Merced County
MCU,MIDDLE CK NR UPPER LAKE,SACRAMENTO R,LAKE,-122.9118423,39.18255234,1360,CA Dept of Water Resources
MDH,MT DIABLO PARK HEADQUARTERS,DELTA,CONTRA COSTA,-121.9317,37.8503,1600,Contra Costa County
MDM,MIDDLE RIVER AT MIDDLE RIVER,DELTA,SAN JOAQUIN,-121.534,37.943,10,US Geological Survey
MDW,MEADOW LAKE,YUBA R,NEVADA,-120.508,39.417,7200,CA Dept of Water Resources
MDZ,MENDEZ RANCH,CALAVERAS R,STANISLAUS,-120.924,38.062,322,San Joaquin County
MEN,SAN JOAQUIN RIVER NEAR MENDOTA,SAN JOAQUIN R,FRESNO,-120.3782272,36.81050491,170,US Geological Survey
MER,FEATHER RIVER AT MERRIMAC,FEATHER R,BUTTE,-121.27,39.709,1560,CA Dept of Water Resources/O & M
MFD,MARSH CREEK FIRE DEPARTMENT,SAN JOAQUIN R,CONTRA COSTA,-121.865,37.893,680,Contra Costa County
MFP,MIDDLE FORK FEATHER RIVER NEAR PORTOLA,FEATHER R,PLUMAS,-120.4448776,39.81895065,4850,CA Dept of Water Resources
MFR,MORRISON CREEK AT FLORIN ROAD,SACRAMENTO R,SACRAMENTO,-121.4527283,38.4985199,20,US Geological Survey
MFV,MINER SLOUGH AT FIVE POINTS,SACRAMENTO R,SOLANO,-121.6439,38.2897,23,CA Dept of Water Resources/NCRO
MHB,COSUMNES RIVER AT MICHIGAN BAR,COSUMNES R,SACRAMENTO,-121.0452194,38.50018692,168,USGS and DWR
MHO,MIDDLE RIVER NEAR HOWARD ROAD BRIDGE,DELTA,SAN JOAQUIN,-121.383306,37.876222,0,CA Dept of Water Resources/NCRO
MHP,MAMMOTH PASS (USBR),OWENS R,MONO,-119.033,37.61,9300,US Bureau of Reclamation
MHR,MIDDLE RIVER AT HOWARD ROAD BRIDGE,SAN JOAQUIN R,SAN JOAQUIN,-121.384,37.877,20,CA Dept of Water Resources
MIL,FRIANT DAM (MILLERTON),SAN JOAQUIN R,FRESNO,-119.705,37.001,581,US Bureau of Reclamation
MIN,MINERAL,SACTO VLY NE,TEHAMA,-121.609,40.348,4957,CA Dept of Water Resources
MJD,MOJAVE R DAM,MOJAVE R,SAN BERNARDINO,-117.235,34.3425,47,US Army Corps of Engineers
MLM,MILL CREEK NR LOS MOLINOS,SACRAMENTO R,TEHAMA,-122.0241547,40.05460358,385,US Geological Survey
MLW,SACTO R AT MOULTON WEIR (CREST 76.8'),SACRAMENTO R,COLUSA,-122.0226288,39.33821106,85,CA Dept of Water Resources
MMD,MOUNT MADONNA,SAN BENITO R,SANTA CLARA,-121.702,37.011,1822,Santa Clara County
MMF,MERCED RIVER BELOW MERCED FALLS,MERCED R,MERCED,-120.331,37.522,310,Merced Irrigation District
MNG,MINING RIDGE,MONTEREY COAST,MONTEREY,-121.496,36.081,4710,Monterey County
MNM,MILL CK NR MUGGINSVILLE,SCOTT R,SISKIYOU,-122.9605865,41.58152771,2840,CA Dept of Water Resources
MNV,SANTA CLARA R AT MONTALVO,SANTA CLARA R,VENTURA,-119.141,34.279,120,US Geological Survey
MOC,MONTCLAIR,SAN ANTONIO CR (SOUTH COAST),SAN BERNARDINO,-117.682,34.094,1208,None Specified
MOD,TUOLUMNE RIVER AT MODESTO,TUOLUMNE R,STANISLAUS,-120.9879913,37.62687683,90,US Geological Survey
MOK,MOKELUMNE R @ SAN JOAQUIN RIVER,MOKELUMNE R,SAN JOAQUIN,-121.5711,38.1061,0,US Geological Survey
MON,MORAN DRAIN,SAN JOAQUIN R,STANISLAUS,-121.0363,37.4362,54,CA Dept of Water Resources
MPD,MWCD PARKS CK DIVERSION NR EDGEWOOD,SHASTA R,SISKIYOU,-122.4476471,41.45180511,3000,CA Dept of Water Resources
MPS,MERIDIAN PUMPS,SACRAMENTO R,SUTTER,-121.918,39.148,50,Sutter County
MR2,MINERS RANCH RESERVOIR (STA 2),FEATHER R,BUTTE,-121.46196,39.5115,886,South Feather Water and Power Agency
MRB,SAN JOAQUIN R AT MAZE RD BRIDGE,SAN JOAQUIN R,STANISLAUS,-121.2276,37.6414,39,CA Dept of Water Resources
MRD,EEL RIVER SF NR MIRANDA (AT SYLVANDALE),EEL R,HUMBOLDT,-123.7761459,40.18180847,218,USGS and DWR
MRE,MATTOLE RIVER NEAR ETTERSBURG,MATTOLE R,HUMBOLDT,-123.9914246,40.13930893,626,US Geological Survey
MRF,MAD R ABV RUTH RESERVOIR NR FOREST GLEN,MAD R,TRINITY,-123.3353043,40.2843132,2700,US Geological Survey
MRH,MARSH CREEK FIRE,SF BAY,CONTRA COSTA,-121.8635,37.8949,740,Contra Costa County
MRQ,MARIPOSA CK BLW MARIPOSA DAM,LITTLEJOHN CR,MARIPOSA,-120.1617,37.28,346,US Army Corps of Engineers
MRT,MARTIS CREEK RESERVOIR,TRUCKEE R,NEVADA,-120.113,39.327,5745,US Army Corps of Engineers
MRU,MIDDLE RIVER AT UNDINE ROAD,SAN JOAQUIN R,SAN JOAQUIN,-121.386,37.8339,0,CA Dept of Water Resources/NCRO
MRY,YUBA RIVER NEAR MARYSVILLE,YUBA R,YUBA,-121.5249634,39.17572403,88,US Geological Survey
MRZ,MARTINEZ,EAST BAY,CONTRA COSTA,-122.138,38.028,8,"CA Dept of Water Resources, DES"
MSD,SAN JOAQUIN RIVER AT MOSSDALE BRIDGE,SAN JOAQUIN R,SAN JOAQUIN,-121.306,37.786,31,"CA Dept of Water Resources, DES"
MSG,MUD SLOUGH NR GUSTINE,SAN JOAQUIN R,MERCED,-120.9056,37.2625,70,US Geological Survey
MSL,MONTEZUMA SLOUGH AT ROARING R,DELTA,SOLANO,-121.8872,38.0934,0,"CA Dept of Water Resources, DES"
MSN,MERCED RIVER NEAR SNELLING,MERCED R,MERCED,-120.451,37.502,260,CA Dept of Water Resources
MSP,MISSION PEAK,ALAMEDA CR,ALAMEDA,-121.883,37.517,1580,National Weather Service
MSR,MARSHALL ROAD DRAIN,SAN JOAQUIN R,STANISLAUS,-121.0361,37.4364,54,CA Dept of Water Resources
MSS,MCCLOUD RIVER ABOVE SHASTA LAKE,MC CLOUD R,SHASTA,-122.219,40.958,1100,Pacific Gas & Electric
MST,MERCED RIVER NEAR STEVINSON,MERCED R,MERCED,-120.931,37.371,82,CA Dept of Water Resources/SJ District
MTB,MIDDLE RIVER AT TRACY BLVD,SAN JOAQUIN R,SAN JOAQUIN,-121.456,37.881,20,CA Dept of Water Resources
MTG,MUSTANG RIDGE,SALINAS R,MONTEREY,-120.759,36.193,2700,Monterey County
MTK,MARTIS CK NR TRUCKEE,TRUCKEE R,NEVADA,-120.1176987,39.32879639,5730,US Army Corps of Engineers
MTO,MF TUOLUMNE R NR OAKLAND REC CAMP,TUOLUMNE R,TUOLUMNE,-120.1081,37.8283,2800,City of San Francisco
MTS,MOUNT SHASTA,SACRAMENTO R,SISKIYOU,-122.316,41.313,3545,CA Dept of Water Resources
MUC,MUD CREEK NEAR CHICO,SACRAMENTO R,BUTTE,-121.8867188,39.78335571,170,CA Dept of Water Resources
MUD,MUD SPRINGS,TRINITY R,TRINITY,-123.283,40.717,3400,CA Dept of Water Resources
MUP,MIDDLE RIVER AT UNION POINT,SAN JOAQUIN R,SAN JOAQUIN,-121.488361,37.890778,0,CA Dept of Water Resources/NCRO
MUR,ANGELS CK BLW MURPHYS,CALAVERAS R,CALAVERAS,-120.3386,38.1381,2138,Utica Power Authority
MVD,MUCK VALLEY DIVERSION (PG&E),PIT R,SHASTA,-121.155,41.015,4300,Pacific Gas & Electric
MVV,MOJAVE RIVER - VICTORVILLE,MOJAVE R,SAN BERNARDINO,-117.32,34.57,2643,US Geological Survey
MWR,EASTSIDE BYPASS AT MERCED NWR,SAN JOAQUIN R,MERCED,-120.652117,37.177254,100,US Bureau of Reclamation
NAP,NAPA RIVER NEAR NAPA,NAPA R,NAPA,-122.3033066,38.36824417,25,USGS and DWR
NAT,LAKE NATOMA (NIMBUS DAM),AMERICAN R,SACRAMENTO,-121.183,38.65,132,US Bureau of Reclamation
NCC,NORTH FORK CACHE CREEK NR CHALK MOUNTAIN,CACHE CR,LAKE,-122.5843277,39.06950378,1175,CA Dept of Water Resources
NCO,N FK COTTONWOOD CK ABV LK AT BRDG NR ONO,COTTONWOOD CR,SHASTA,-122.6748428,40.53583527,2800,"CA Dept of Water Resources, Northern District"
NCS,NEWCASTLE-PINEVIEW SCHOOL,AMERICAN R,PLACER,-121.135,38.874,890,City of Roseville
NCU,NORTH FORK CACHE CREEK ABOVE SLIDE,CACHE CR,LAKE,-122.5416183,39.07108688,1440,CA Dept of Water Resources
NDC,N FK KINGS R ABV DINKET CK,KINGS R,FRESNO,-119.1206,36.915,2001,"Pacific Gas and Electric Company, Auberry"
NEW,SAN JOAQUIN RIVER NEAR NEWMAN,SAN JOAQUIN R,MERCED,-120.97715,37.35049438,90,USGS and DWR
NFA,N FORK AMERICAN R AT AUBURN DAM,AMERICAN R,PLACER,-121.057,38.852,500,US Geological Survey
NFC,N FORK CACHE CREEK AT HOUGH SPRINGS,CACHE CR,LAKE,-122.6199875,39.16544724,1534,US Geological Survey
NFD,NF AMERICAN R AT NORTH FORK DAM,AMERICAN R,PLACER,-121.0238342,38.93600845,715,US Geological Survey
NFH,TRINITY R ABV NF TRINITY NR HELENA,TRINITY R,TRINITY,-123.1144791,40.7665329,1410,US Geological Survey
NFW,N FK WILLOW CK NR SUGAR PINE,SAN JOAQUIN R,MADERA,-119.5592,37.3978,5200,Madera Irrigation District
NGP,NEW HOGAN POOL,CALAVERAS R,CALAVERAS,-120.8125,38.1503,546,US Army Corps of Engineers
NGQ,CALAVERAS R BLW NEW HOGAN DAM,CALAVERAS R,CALAVERAS,-120.8239,38.1481,520,US Army Corps of Engineers
NHG,NEW HOGAN LAKE,CALAVERAS R,CALAVERAS,-120.812,38.152,554,US Army Corps of Engineers
NHW,NEW HOGAN WEATHER,CALAVERAS R,CALAVERAS,-120.8156,38.1508,554,US Army Corps of Engineers
NIC,FEATHER RIVER NEAR NICOLAUS,FEATHER R,SUTTER,-121.604,38.891,43,CA Dept of Water Resources
NJD,NEW JERUSALEM DRAIN,SAN JOAQUIN R,SAN JOAQUIN,-121.2996,37.7267,20,CA Dept of Water Resources
NKB,N FORK KINGS RIV BLW BALCH DIV DAM,KINGS R,FRESNO,-119.05,36.903,2890,Pacific Gas & Electric
NKC,NO FK KINGS R NR CLIFF CAMP,KINGS R,FRESNO,-118.9803,36.9939,6150,Pacific Gas & Electric
NKD,NF KINGS RIVER BLW DINKEY CREEK,KINGS R,FRESNO,-119.128,36.88,1035,Pacific Gas & Electric
NKW,NF KINGS R BLW WISHON DAM,KINGS R,FRESNO,-118.9722,37.0014,6300,Pacific Gas & Electric
NMD,NF WILLOW CK BLW MANZANITA DAM,SAN JOAQUIN R,MADERA,-119.5161,37.2444,2819,"Pacific Gas and Electric Company, Auberry"
NMR,NORTH MOKELUNME R @ W WALNUT GROVE RD,MOKELUMNE R,SAN JOAQUIN,-121.5071,38.2232,0,US Geological Survey
NMS,NEW MELONES,STANISLAUS R,CALAVERAS,-120.525,37.948,1400,US Bureau of Reclamation
NOY,NOYO RIVER NR FORT BRAGG,NOYO R,MENDOCINO,-123.737793,39.42822266,12,US Geological Survey
NRD,NORDHOFF RIDGE,VENTURA R,VENTURA,-119.23,34.51,4100,Ventura County
NRN,NAVARRO RIVER NEAR NAVARRO,NAVARRO RIVER,MENDOCINO,-123.6680679,39.17045593,5,US Geological Survey
NRW,SANTA YNEZ R AT NARROWS NR LOMPOC,SANTA YNEZ R,SANTA BARBARA,-120.424,34.637,85,US Geological Survey
NSL,NATIONAL STEEL,SACRAMENTO R,SOLANO,-121.8881,38.1221,0,"CA Dept of Water Resources, DES"
NTP,NATURE POINT,SAN JOAQUIN R,MADERA,-119.36,37.342,5150,US Bureau of Reclamation
NTR,NF TRINITY RIVER AT HELENA,TRINITY R,TRINITY,-123.127,40.782,1345,US Geological Survey & US Bureau of Reclamation
NVC,NOVATO CREEK,SF BAY,MARIN,-122.564,38.085,125,Marin County
NYS,N YUBA R. ABV SLATE CK NR STRAWBERRY,YUBA R,YUBA,-121.0906,39.5247,2000,Yuba County Water Agency
OAD,OLD RIVER NEAR DMC ABOVE DAM,SAN JOAQUIN R,SAN JOAQUIN,-121.542,37.811,4,CA Dept of Water Resources
OBB,STANISLAUS R AT ORANGE BLOSSOM BRIDGE,STANISLAUS R,STANISLAUS,-120.75,37.783,117,CA Dept of Water Resources
OBD,OLD RIVER NEAR DMC BELOW DAM,SAN JOAQUIN R,SAN JOAQUIN,-121.547,37.812,4,CA Dept of Water Resources
OBI,OLD RIVER AT BACON ISLAND (USGS),DELTA,SAN JOAQUIN,-121.571114,37.970001,10,US Geological Survey
OCL,ORESTIMBA CK AT RIVER RD NR CROWS LNDG,SAN JOAQUIN R,STANISLAUS,-121.0160446,37.41354752,65,US Geological Survey
OCN,OREJANO CANYON,CALIENTE CR,KERN,-118.567,35.258,2560,Kern County
OCS,SAN LUIS REY RIVER AT OCEANSIDE,SAN LUIS REY R,SAN DIEGO,-117.359,33.218,20,US Geological Survey
ODA,ORINDA FIRE STATION 3,EAST BAY,CONTRA COSTA,-122.17,37.895,700,Contra Costa County
ODM,OLD RIVER AT DELTA MENDOTA CANAL,DELTA,SAN JOAQUIN,-121.541,37.81,10,US Geological Survey
OGO,OGO RANGER STATION,COTTONWOOD CR,SHASTA,-122.737,40.423,1300,CA Dept of Water Resources
OH1,OLD RIVER AT HEAD,SAN JOAQUIN R,SAN JOAQUIN,-121.329,37.808,15,CA Dept of Water Resources
OH4,OLD RIVER AT HIGHWAY 4,DELTA,CONTRA COSTA,-121.569168,37.891109,10,US Geological Survey
OHD,OUR HOUSE DAM,YUBA R,YUBA,-120.9964,39.412,1960,CA Dept of Water Resources
OIL,OIL CANYON,CALIENTE CR,KERN,-118.586,35.332,2690,Kern County
OJA,OJAI,SAN ANTONIO CR (SOUTH COAST),VENTURA,-119.23,34.448,765,Ventura County
OKN,O'KANE (BLUE LAKE),REDWOOD CR,HUMBOLDT,-123.8153381,40.9059639,850,USGS and DWR
OLD,OLD RIVER NEAR TRACY,DELTA,SAN JOAQUIN,-121.449,37.805,5,CA Dept of Water Resources/O & M
OLS,KLAMATH RIVER AT ORLEANS,KLAMATH R,HUMBOLDT,-123.5345001,41.30345917,430,USGS and DWR
OLV,OLIVE SPRINGS QUARRY,SAN LORENZO R,SANTA CRUZ,-121.925,37.063,480,Santa Cruz County
ONG,O'NEILL FOREBAY @ GIANELLI PUMPING PLANT,SAN JOAQUIN R,MERCED,-121.0719,37.0666,0,"CA Dept of Water Resources, DES"
ONI,CHECK 13 (O'NEILL INTAKE),SAN JOAQUIN R,MERCED,-121.036,37.091,176,US Bureau of Reclamation
ORB,OLD RIVER AT BYRON,SAN JOAQUIN R,CONTRA COSTA,-121.57,37.89,18,CA Dept of Water Resources
ORD,SACRAMENTO R AT ORD FERRY-MAIN CHANNEL,SACRAMENTO R,GLENN,-121.9931793,39.62813187,115,CA Dept of Water Resources
ORE,ORESTIMBA CREEK NR NEWMAN,SAN JOAQUIN R,STANISLAUS,-121.125206,37.31549072,0,US Geological Survey
ORI,OLD RIVER AT CLIFTON COURT INTAKE,SAN JOAQUIN R,CONTRA COSTA,-121.5526,37.828,0,CA Dept of Water Resources/NCRO
ORK,REDWOOD CREEK AT ORICK,REDWOOD CR,HUMBOLDT,-124.0511856,41.2992897,36,USGS and DWR
ORN,ORANGEVALE W.C.,AMERICAN R,SACRAMENTO,-121.219,38.686,233,Sacramento County
ORO,OROVILLE DAM,FEATHER R,BUTTE,-121.493,39.54,900,CA Dept of Water Resources/O & M
ORQ,OLD RIVER @ QUIMBLY IS NEAR BETHEL IS,SAN JOAQUIN R,SAN JOAQUIN,-121.5645,38.0272,0,US Geological Survey
ORR,ORMSBY ROAD,SAN LORENZO R,SANTA CRUZ,-121.824,37.0669,2302,Santa Cruz County
ORX,OLD RIVER ABOVE DOUGHTY CUT,SAN JOAQUIN R,SAN JOAQUIN,-121.386576,37.810997,8,CA Dept of Water Resources/NCRO
OSJ,OLD RIVER AT FRANKS TRACT NEAR TERMINOUS,DELTA,SAN JOAQUIN,-121.5789,38.0711,0,US Geological Survey
OWQ,OWENS CK BLW OWENS DAM,MERCED R,MERCED,-120.2783,37.2733,357,US Army Corps of Engineers
OWS,OROVILLE DAM SPILLWAY WEATHER STATION,FEATHER R,BUTTE,-121.491,39.543,880,CA Dept of Water Resources
OXB,MIDDLE FK AMERICAN R NR OXBOW PH,AMERICAN R,PLACER,-120.76,39.006,1070,Placer County Water Agency
PAA,PALO ALTO 3E,SF BAY,SANTA CLARA,-122.107,37.439,7,Santa Clara County
PAS,SALINAS RIVER AT PASO ROBLES,SALINAS R,SAN LUIS OBISPO,-120.6843338,35.628582,700,USGS and DWR
PBS,PARKS CK NR BIG SPRINGS,SHASTA R,SISKIYOU,-122.4330902,41.57934189,2596,"CA Dept of Water Resources, Northern District"
PCE,PARKS CK NR EDGEWOOD,SHASTA R,SISKIYOU,-122.4711,41.4921,2778,"CA Dept of Water Resources, Northern District"
PCG,PUTAH CREEK NEAR GUENOC,PUTAH CR,LAKE,-122.5174789,38.77878952,914,US Geological Survey
PCK,PECKINPAH,SAN JOAQUIN R,MADERA,-119.458,37.25,5150,US Bureau of Reclamation
PCN,PIT RIVER NEAR CANBY,PIT R,MODOC,-120.927742,41.40600204,4266,US Geological Survey
PCO,PARADISE CUT ABV OLD R,DELTA,SAN JOAQUIN,-121.412306,37.8019444,26,CA Dept of Water Resources/NCRO
PCT,PORT CHICAGO,DELTA,CONTRA COSTA,-122.025,38.059,0,US Bureau of Reclamation
PDD,WALNUT CREEK AT PUDDINGSTONE DAM,SAN GABRIEL R,LOS ANGELES,-117.807,34.092,1030,None Specified
PDE,PARADISE,FEATHER R,BUTTE,-121.6247,39.7536,1750,CA Dept of Water Resources
PDR,MILL CREEK NEAR PIEDRA,KINGS R,FRESNO,-119.3409,36.819,550,US Army Corps of Engineers
PEL,PELICAN POINT @ ROARING RIVER,DELTA,SOLANO,-121.9718,38.110869,0,"CA Dept of Water Resources, DES"
PFH,PACIFIC HOUSE,AMERICAN R,EL DORADO,-120.5,38.76,3440,US Bureau of Reclamation
PFW,PINE FLAT WEATHER,KINGS R,FRESNO,-119.3369,36.8236,610,US Army Corps of Engineers
PHA,MCPHAILS PEAK,SAN BENITO R,SAN BENITO,-121.3664,36.6567,3353,National Weather Service
PIL,PILARCITOS CREEK BL STONE DAM,COAST-SAN MATEO,SAN MATEO,-122.3994141,37.52466202,500,US Geological Survey
PIN,PINE GROVE,MOKELUMNE R,AMADOR,-120.633,38.4,2440,CA Dept of Water Resources
PIR,PIRU CREEK BLW BUCK CR NR PYRAMID LAKE,PIRU CR,VENTURA,-118.823,34.665,2600,CA Dept of Water Resources
PIU,PIRU,SANTA CLARA R,VENTURA,-118.81,34.404,624,Ventura County
PKS,PACK SPRING,KERN R,KERN,-118.277,35.613,3170,Kern County
PLK,SF PIT RIVER NEAR LIKELY,PIT R,MODOC,-120.4371719,41.23072815,4508,US Geological Survey
PLP,PILOT PEAK (DWR),FEATHER R,PLUMAS,-120.875,39.786,6800,CA Dept of Water Resources/O & M
PLV,PLEASANT VALLEY,PAJARO R,SANTA CRUZ,-121.8306,36.9897,360,Santa Cruz County
PM1,PUMPING PLANT 1,SACRAMENTO R,SUTTER,-121.634079,38.9319458,34,CA Dept of Water Resources
PM2,PUMPING PLANT 2,SACRAMENTO R,SUTTER,-121.7264328,39.02635574,34,CA Dept of Water Resources
PM3,PUMPING PLANT 3,SACRAMENTO R,SUTTER,-121.7789688,39.1202774,34,CA Dept of Water Resources
PMC,PUMPING PLANT @MIDDLE CREEK,CACHE CR,LAKE,-122.9,39.148,1380,CA Dept of Water Resources/Flood Management
PMN,PIT RIVER NEAR MONTGOMERY CREEK,PIT R,SHASTA,-122.016,40.843,1036,US Bureau of Reclamation
PMR,PATTERSON MTN REPEATER,KINGS R,FRESNO,-119.0508,36.9564,8140,US Army Corps of Engineers
PNF,PINE FLAT DAM,KINGS R,FRESNO,-119.325,36.833,970,US Army Corps of Engineers
PNR,PONCIANO RIDGE,CARMEL R,MONTEREY,-121.723,36.4,2610,Monterey County
POH,MERCED R AT POHONO BR NR YOSEMITE,MERCED R,MARIPOSA,-119.666275,37.71687317,3862,US Geological Survey
PP1,PIT R BELOW PIT #1 PH NEAR FALL R MILLS,PIT R,SHASTA,-121.5119247,40.98321915,2798,US Geological Survey
PPK,PIUTE PEAK,CALIENTE CR,KERN,-118.409,35.427,6650,Kern County
PPN,POINT PINOS,MONTEREY COAST,MONTEREY,-121.931,36.518,55,Monterey County
PPT,PRISONERS POINT,DELTA,SAN JOAQUIN,-121.562,38.066,0,"CA Dept of Water Resources, DES"
PRC,PRAIRIE CITY,AMERICAN R,SACRAMENTO,-121.161,38.592,311,Sacramento County
PRI,SAN JOAQUIN R AT PRISONERS PT NR TERMINO,SAN JOAQUIN R,SAN JOAQUIN,-121.5572,38.0594,0,US Geological Survey
PRP,PARADISE REPEATER,KAWEAH R,TULARE,-118.6992,36.4747,9370,US Army Corps of Engineers
PRS,PROSSER CREEK RESERVOIR,TRUCKEE R,NEVADA,-120.1367,39.3794,5622,US Geological Survey
PRU,LAKE PIRU,PIRU CR,VENTURA,-118.751,34.461,213,United Water Conservation District
PSD,HUMBOLDT R AT PALISADES,HUMBOLDT R (STATE OF NEVADA),State of Nevada,-116.201,40.6075,4826,National Weather Service
PSR,POISON RIDGE,SAN JOAQUIN R,MADERA,-119.52,37.403,6900,US Bureau of Reclamation
PTA,MATTOLE RIVER NEAR PETROLIA,MATTOLE R,HUMBOLDT,-124.2833786,40.31319046,40,US Geological Survey
PTB,PETALUMA RIVER AT D STREET BRIDGE,PETALUMA R,SONOMA,-122.635,38.233,10,City of Petaluma
PTK,PROSSER CREEK NEAR TRUCKEE,TRUCKEE R,NEVADA,-120.1315842,39.37324142,5602,US Geological Survey
PTR,POINT REYES,COAST-MARIN,MARIN,-122.95,38.083,80,National Weather Service
PTS,PITTSBURG,DELTA,CONTRA COSTA,-121.883,38.033,10,US Bureau of Reclamation
PTV,POTTER VALLEY,RUSSIAN R,MENDOCINO,-123.1272,39.3644,1080,US Army Corps of Engineers
PTW,PIONEER DITCH AT TRENTON WEIR,TULE R,TULARE,-118.9228,36.0594,549,US Army Corps of Engineers
PUD,SAN DIMAS CK AT PUDDINGSTON DIVERSN,SAN GABRIEL R,LOS ANGELES,-117.782,34.121,1130,None Specified
PUT,PUTAH CREEK NEAR WINTERS,PUTAH CR,YOLO,-122.0819168,38.51518631,161,US Geological Survey
PVP,POTTER VALLEY PH,RUSSIAN R,MENDOCINO,-123.133,39.367,1020,Pacific Gas & Electric
PYC,PINYON CREEK,KERN R,KERN,-118.143,35.558,4930,Kern County
PYM,PYRAMID,U SANTA CLARA R,LOS ANGELES,-118.75,34.633,2606,CA Dept of Water Resources
Q01,WQ01,EEL R,MENDOCINO,-123.326,39.37687,1454,CA Dept of Transportation
Q03,WQ03,EEL R,MENDOCINO,-123.328,39.37711,1447,CA Dept of Transportation
Q04,WQ04,EEL R,MENDOCINO,-123.342,39.39646,1383,CA Dept of Transportation
Q05,WQ05,EEL R,MENDOCINO,-123.341,39.39896,1360,CA Dept of Transportation
Q06,WQ06,EEL R,MENDOCINO,-123.343,39.40728,1363,CA Dept of Transportation
Q07,WQ07,EEL R,MENDOCINO,-123.341,39.41096,1352,CA Dept of Transportation
Q08,WQ08,EEL R,MENDOCINO,-123.34,39.40978,1361,CA Dept of Transportation
Q09,WQ09,EEL R,MENDOCINO,-123.34,39.41096,1338,CA Dept of Transportation
Q10,WQ10,EEL R,MENDOCINO,-123.341,39.41942,1350,CA Dept of Transportation
Q11,WQ11,EEL R,MENDOCINO,-123.341,39.42124,1361,CA Dept of Transportation
Q12,WQ12,EEL R,MENDOCINO,-123.341,39.41833,1358,CA Dept of Transportation
Q13,WQ13,EEL R,MENDOCINO,-123.343,39.42057,1342,CA Dept of Transportation
Q14,WQ14,EEL R,MENDOCINO,-123.344,39.4225,1340,CA Dept of Transportation
Q15,WQ15,EEL R,MENDOCINO,-123.358,39.42767,1334,CA Dept of Transportation
Q17,WQ17,EEL R,MENDOCINO,-123.355,39.43056,1343,CA Dept of Transportation
RBR,ROBIDART RANCH,CALAVERAS R,SAN JOAQUIN,-121.031,38.137,315,San Joaquin County
RCF,ROCK CK BLW FARMINGTON DAM,SAN JOAQUIN R,SAN JOAQUIN,-120.9586,37.9183,100,US Army Corps of Engineers
RCL,RUSH CREEK NEAR LEWISTON,TRINITY R,TRINITY,-122.834,40.725,1700,US Geological Survey & US Bureau of Reclamation
RCS,RIDGE CUT SLOUGH AT KNIGHTS LANDING,SACRAMENTO R,YOLO,-121.725,38.7935,0,CA Dept of Water Resources/NCRO
RDB,SACRAMENTO R AT RED BLUFF DIVERSION DAM,SACRAMENTO R,TEHAMA,-122.2019501,40.15436172,236,US Bureau of Reclamation
RDR,CARMEL RIVER AT ROBLES DEL RIO,CARMEL R,MONTEREY,-121.728,36.474,269,US Geological Survey
RFS,REDDING FIRE STATION,SACTO VLY NE,SHASTA,-122.4193,40.5736,740,US Bureau of Reclamation
RHL,RICHMOND CITY HALL,SF BAY,CONTRA COSTA,-122.3427,37.9369,55,Contra Costa County
RHS,RICK'S HOUSE TEST SITE,AMERICAN R,SACRAMENTO,-121.4097,38.6038,47,CA Dept of Water Resources
RIP,STANISLAUS RIVER AT RIPON,STANISLAUS R,SAN JOAQUIN,-121.1104965,37.7296524,73,US Geological Survey
RIV,RIO VISTA,DELTA,SOLANO,-121.686355,38.159737,0,US Bureau of Reclamation
RKH,ROCK HOUSE,KERN R,KERN,-118.197,35.889,5760,Kern County
RKY,ROCKY RIDGE,EAST BAY,CONTRA COSTA,-122.062,37.817,2020,Contra Costa County
RLN,RIO LINDA W.C.,AMERICAN R,SACRAMENTO,-121.448,38.7,45,Sacramento County
RML,RAMONA LAKE,SAN JOAQUIN R,STANISLAUS,-121.0149,37.4139,70,CA Dept of Water Resources
RNC,RANCHO CORDOVA,AMERICAN R,SACRAMENTO,-121.311,38.604,72,Sacramento County
ROF,RODEO FIRE DEPARTMENT,EAST BAY,CONTRA COSTA,-122.27,38.035,30,Contra Costa County
ROR,ROARING RIVER,DELTA,SOLANO,-121.889,38.092,10,"CA Dept of Water Resources, DES"
RPN,RIPON,STANISLAUS R,SAN JOAQUIN,-121.109,37.73,35,US Bureau of Reclamation
RRG,RODDY RANCH GOLF CLUB,EAST BAY,CONTRA COSTA,-121.785652,37.990318,403,Contra Costa County
RRI,ROUGH AND READY ISLAND,SAN JOAQUIN R,SAN JOAQUIN,-121.365,37.963,15,"CA Dept of Water Resources, DES"
RRU,RUSSIAN R NR UKIAH,RUSSIAN R,MENDOCINO,-123.1939,39.1956,599,US Army Corps of Engineers
RSL,ROCK SLOUGH ABV CONTRA COSTA CANAL,DELTA,CONTRA COSTA,-121.635,37.976,10,CA Dept of Water Resources
RSS,ROSSMOOR,EAST BAY,CONTRA COSTA,-122.0644,37.8706,146,Contra Costa County
RSV,ROSEVILLE FIRE STATION,AMERICAN R,PLACER,-121.315,38.76,150,City of Roseville
RTH,RUTH LAKE,MAD R,HUMBOLDT,-123.372,40.319,2700,CA Dept of Water Resources
RTM,DES REAL TIME MONITORING TEST STATION,SACRAMENTO R,YOLO,-121.567,38.587,13,"CA Dept of Water Resources, DES"
RTP,ROSEVILLE WATER TREATMENT PLANT,AMERICAN R,PLACER,-121.226,38.724,380,City of Roseville
RUM,CACHE CREEK AT RUMSEY BRIDGE,CACHE CR,YOLO,-122.238,38.89,400,CA Dept of Water Resources
RVB,SACRAMENTO RIVER AT RIO VISTA BRIDGE,SACRAMENTO R,SOLANO,-121.686355,38.159737,0,"CA Dept of Water Resources, DES"
RYI,CACHE SLOUGH AT RYER ISLAND,SACRAMENTO R,SOLANO,-121.6692,38.2128,0,US Geological Survey
RYP,ROYER PARK-DRY CREEK,AMERICAN R,PLACER,-121.28,38.749,140,City of Roseville
S1C,SAN JOAQUIN NO. 1 CONDUIT,SAN JOAQUIN R,MADERA,-119.815,37.2831,2450,"Pacific Gas and Electric Company, Auberry"
SAD,SADDLE CAMP,COTTONWOOD CR,TEHAMA,-122.8,40.167,3850,CA Dept of Water Resources
SAG,SHASTA R ABV CTY RD A-12 NR GRENADA,SHASTA R,SISKIYOU,-122.4915619,41.63404083,2500,"CA Dept of Water Resources, Northern District"
SAL,SAN ANDREAS LANDING,DELTA,SAN JOAQUIN,-121.591,38.104,0,US Bureau of Reclamation
SB1,SUTTER BYPASS CHANNEL AT PUMPING PLANT 1,SACRAMENTO R,SUTTER,-121.6353302,38.93231964,34,CA Dept of Water Resources
SB2,SUTTER BYPASS CHANNEL AT PUMPING PLANT 2,SACRAMENTO R,SUTTER,-121.7271805,39.02568054,34,CA Dept of Water Resources
SB3,SUTTER BYPASS CHANNEL AT PUMPING PLANT 3,SACRAMENTO R,SUTTER,-121.7797775,39.12006378,34,CA Dept of Water Resources
SBH,SAN BENITO R AT HWY 156 NEAR HOLLISTER,SAN BENITO R,SAN BENITO,-121.4299393,36.85189819,260,US Geological Survey
SBP,SUTTER BYPASS AT RD 1500 PUMP,SACRAMENTO R,SUTTER,-121.6543198,38.78527451,21,CA Dept of Water Resources
SBS,SACRAMENTO RIVER AT BUTTE SLOUGH,SACRAMENTO R,SUTTER,-121.9366226,39.19479752,39,CA Dept of Water Resources
SBT,SANTA BARBARA PORTRERO,SISQUOC R,SANTA BARBARA,-119.6519,34.77056,5300,Santa Barbara County
SBY,STRAWBERRY VALLEY,FEATHER R,YUBA,-121.106,39.564,3810,CA Dept of Water Resources/O & M
SC1,SACATA REPEATER,KINGS R,FRESNO,-119.2075,36.9153,3520,US Army Corps of Engineers
SCC,SUCCESS DAM,TULE R,TULARE,-118.922,36.061,692,US Army Corps of Engineers
SCH,SCHULTIES RD,SAN LORENZO R,SANTA CRUZ,-121.967,37.133,1400,Santa Cruz County
SCL,SAN JOAQUIN R NR CROWS LANDING,SAN JOAQUIN R,STANISLAUS,-121.0138168,37.43188095,60,US Geological Survey
SCO,EEL RIVER AT SCOTIA,EEL R,HUMBOLDT,-124.0997696,40.49152374,160,USGS and DWR
SCQ,TULE R BLW SUCCESS DAM,TULE R,TULARE,-118.9242,36.0567,536,US Army Corps of Engineers
SCS,SCOTTS CK NR LAKEPORT,SACRAMENTO R,LAKE,-122.9610443,39.09544754,1400,CA Dept of Water Resources
SCW,SUCCESS WEATHER,TULE R,TULARE,-118.9139,36.05,590,US Army Corps of Engineers
SCY,SAN BERNARDINO COUNTY YARD,SANTA ANA R,SAN BERNARDINO,-117.268,34.104,1042,None Specified
SDA,SUGAR CK BLW DARBEE DITCH NR CALLAHAN,SCOTT R,SISKIYOU,-122.8694839,41.31568146,3400,CA Dept of Water Resources
SDC,SACRAMENTO R ABOVE DELTA CROSS CHANNEL,SACRAMENTO R,SACRAMENTO,-121.518,38.257,10,US Geological Survey
SDF,SAND FLAT,SACRAMENTO R,SISKIYOU,-122.2464,41.3504,6750,US Bureau of Reclamation
SDI,SACRAMENTO RIVER AT DECKER ISLAND,SACRAMENTO R,SOLANO,-121.736,38.0934,0,US Geological Survey
SDO,STOCKTON DEEP WATER SHIP CHANNEL DO,SAN JOAQUIN R,SAN JOAQUIN,-121.365,37.963,15,"CA Dept of Water Resources, DES"
SDP,SAN JOAQUIN R NR DOS PALOS,SAN JOAQUIN R,FRESNO,-120.5015,36.994,116,CA Dept of Water Resources
SDV,SOUTH DIVERSION CANAL,SACRAMENTO R,TEHAMA,-122.3292,39.81,373,US Army Corps of Engineers
SFC,SAN RAFAEL CIVIC CENTER,COAST-MARIN,MARIN,-122.537,37.998,120,Marin County
SFD,SANTA FELICIA DAM,SANTA CLARA R,VENTURA,-118.749,34.464,1078,Ventura County
SFH,SOUTH HONCUT CREEK NEAR BANGOR,FEATHER R,BUTTE,-121.3717,39.3683,630,CA Dept of Water Resources/NCRO
SFJ,SCOTT RIVER NEAR FORT JONES,KLAMATH R,SISKIYOU,-123.0150375,41.64068985,2623,US Geological Survey
SGD,SPANISH LAND GRANT DRAIN,SAN JOAQUIN R,STANISLAUS,-121.0362,37.4363,54,CA Dept of Water Resources
SGN,SUGAR CK NR CALLAHAN,SCOTT R,SISKIYOU,-122.8433914,41.32859421,3130,CA Dept of Water Resources
SGP,SUGAR PINE,AMERICAN R,PLACER,-120.75,39.128,3843,US Bureau of Reclamation
SH1,SHEET IRON 1 REPEATER,SACRAMENTO R,TEHAMA,-122.7339,39.4917,6500,US Army Corps of Engineers
SH4,ST. HELENA 4WSW,NAPA R,NAPA,-122.533,38.492,1780,CA Dept of Water Resources
SHC,STUD HORSE CANYON,CALIENTE CR,KERN,-118.451,35.289,2970,Kern County
SHD,SHASTA DAM (WATER QUALITY),SACRAMENTO R,SHASTA,-122.4253,40.7161,580,US Bureau of Reclamation
SHG,SHIRLEY GULCH,SAN JOAQUIN R,SAN JOAQUIN,-120.7589,37.9019,225,US Army Corps of Engineers
SHI,SHINGLETOWN,SACTO VLY WEST,SHASTA,-121.85,40.496,3630,CA Dept of Water Resources
SHK,SOUTH FORK MOUNTAIN,SACRAMENTO R,SHASTA,-122.525,40.657,3450,US Bureau of Reclamation
SHS,SHASTA DAM (USBR),SACRAMENTO R,SHASTA,-122.417,40.717,1100,US Bureau of Reclamation
SIH,SIMI VALLEY HIGH SCHOOL,VENTURA R,VENTURA,-118.6836,34.2763,0,Ventura County
SJA,SAN JOAQUIN RIVER NEAR AUBERRY,SAN JOAQUIN R,FRESNO,-119.531,37.132,870,Pacific Gas & Electric
SJB,SAN JOAQUIN RIVER BELOW BIFURCATION,SAN JOAQUIN R,MADERA,-120.286,36.773,170,US Bureau of Reclamation
SJD,SAN JOAQUIN RIVER ABOVE DOS REIS,SAN JOAQUIN R,SAN JOAQUIN,-121.3177244,37.8223312,7,CA Dept of Water Resources/NCRO
SJE,SAN JOSE (ALERT),LOS GATOS CR (NEAR SAN JOSE),SANTA CLARA,-121.927,37.362,58,Santa Clara County
SJF,SAN JOAQUIN RIVER BELOW FRIANT,SAN JOAQUIN R,FRESNO,-119.7243118,36.98439407,294,US Geological Survey
SJG,SAN JOAQUIN RIVER AT GARWOOD BRIDGE,SAN JOAQUIN R,SAN JOAQUIN,-121.329,37.935,13,US Geological Survey
SJJ,SAN JOAQUIN RIVER AT JERSEY POINT (USGS),SAN JOAQUIN R,SAN JOAQUIN,-121.689,38.052,10,US Geological Survey
SJK,J7 SAN JOAQUIN R 1 MI ABV KERCKHOFF 1 PH,SAN JOAQUIN R,MADERA,-119.539,37.102,803,Pacific Gas & Electric
SJL,SAN JOAQUIN R BLW OLD R NEAR LATHROP,SAN JOAQUIN R,SAN JOAQUIN,-121.323,37.81,10,CA Dept of Water Resources
SJN,SAN JOAQUIN R AT SAN MATEO RD NR MENDOTA,SAN JOAQUIN R,FRESNO,-120.3066635,36.7788887,163,US Geological Survey
SJP,SAN JOAQUIN RIVER NEAR PATTERSON,SAN JOAQUIN R,STANISLAUS,-121.081,37.494,97,CA Dept of Water Resources
SJR,SAN JOAQUIN R MCCUNE STATION NR VERNALIS,SAN JOAQUIN R,SAN JOAQUIN,-121.26511,37.67929,32,"CA Dept of Water Resources, DES"
SJS,SAN JOAQUIN RIVER NEAR STEVINSON,SAN JOAQUIN R,MERCED,-120.851,37.295,82,CA Dept of Water Resources
SKB,SAN JOAQUIN R BLW HWY 145 (SKAGGS BR),SAN JOAQUIN R,MADERA,-120.0884,36.8229,200,US Bureau of Reclamation
SKO,SOUTH FORK KERN RIVER NEAR ONYX,KERN R,KERN,-118.1736908,35.73745346,2900,US Geological Survey
SLE,SAN LEANDRO BAY,SF BAY,ALAMEDA,-122.217,37.7,10,Alameda County
SLG,SALINAS RIVER AT LAGOON,SALINAS R,MONTEREY,-121.8,36.75,12,Monterey County
SLM,STANISLAUS MEADOW,STANISLAUS R,ALPINE,-119.9373,38.5055,7750,US Bureau of Reclamation
SLP,SLY PARK,COSUMNES R,EL DORADO,-120.563,38.718,3530,El Dorado Irrigation District
SLT,SLATE CREEK,SACRAMENTO R,SHASTA,-122.478,41.045,5700,US Bureau of Reclamation
SMB,SANTA MARGARITA BOOSTER,SALINAS R,SAN LUIS OBISPO,-120.637,35.374,1100,CA Dept of Water Resources
SMC,ST MARYS COLLEGE,EAST BAY,CONTRA COSTA,-122.107,37.842,620,Contra Costa County
SME,SOUTH MOUNTAIN EAST,SANTA CLARA R,VENTURA,-119.044,34.301,1020,Ventura County
SMF,SACRAMENTO METRO AIRPORT,SACTO VLY WEST,SACRAMENTO,-121.587,38.686,17,Sacramento County
SMI,SMITH MOUNTAIN,SALINAS R,MONTEREY,-120.608,36.083,3920,CA Dept of Water Resources/O & M
SMN,SAN JOAQUIN R ABV MERCED R NR NEWMAN,SAN JOAQUIN R,SAN JOAQUIN,-120.976181,37.34721375,60,US Geological Survey
SMR,SOUTH MOKELUMNE R @ W WALNUT GROVE RD,MOKELUMNE R,SAN JOAQUIN,-121.4911,38.2255,0,US Geological Survey
SMS,SALMON RIVER AT SOMES BAR,SALMON R,SISKIYOU,-123.477005,41.37651443,483,US Geological Survey
SMV,SIMI VALLEY,SANTA CLARA R,VENTURA,-118.7976,34.2912,914,Ventura County
SMW,SOUTH FORK MERCED RIVER AT WAWONA,MERCED R,MARIPOSA,-119.6722,37.5417,3960,Merced Irrigation District
SNA,SAN ANDREAS COTTAGE,SAN MATEO CREEK,SAN MATEO,-122.409,37.579,464,City of San Francisco
SNC,SUNRISE CLUB,DELTA,SOLANO,-122.083,38.185,0,"CA Dept of Water Resources, DES"
SND,SAN DIMAS DAM,SAN GABRIEL R,LOS ANGELES,-117.771,34.153,1350,None Specified
SNM,SNOW MOUNTAIN,PIT R,SHASTA,-121.782,40.778,5950,US Bureau of Reclamation
SNR,SANGUINETTI RANCH,SAN JOAQUIN R,SAN JOAQUIN,-120.981,37.993,238,San Joaquin County
SNT,SANTEE,SAN DIEGO R,SAN DIEGO,-117.027,32.841,300,San Diego County
SOK,STANISLAUS RIVER AT OAKDALE,STANISLAUS R,STANISLAUS,-120.852,37.777,120,US Geological Survey
SP1,SHASTA PENSTOCK #1,SACRAMENTO R,SHASTA,-122.424,40.718,580,US Bureau of Reclamation
SP2,SHASTA PENSTOCK #2,SACRAMENTO R,SHASTA,-122.424,40.718,580,US Bureau of Reclamation
SP3,SHASTA PENSTOCK #3,SACRAMENTO R,SHASTA,-122.424,40.718,580,US Bureau of Reclamation
SP4,SHASTA PENSTOCK #4,SACRAMENTO R,SHASTA,-122.424,40.718,580,US Bureau of Reclamation
SP5,SHASTA PENSTOCK #5,SACRAMENTO R,SHASTA,-122.424,40.718,580,US Bureau of Reclamation
SPA,SPANISH LAKE,LOS GATOS CR (NEAR COALINGA),FRESNO,-120.526,36.262,4840,CA Dept of Water Resources/O & M
SPK,SPANISH CK ABV BLACKHAWK CK AT KEDDIE,FEATHER R,PLUMAS,-120.9543991,40.00294876,3130,US Geological Survey
SPR,SALINAS RIVER NEAR SPRECKELS,SALINAS R,MONTEREY,-121.6724472,36.63106918,53,USGS and DWR
SPU,SHASTA R AT GRENADA PUMP PLANT,SHASTA R,SISKIYOU,-122.47111,41.61,2560,"CA Dept of Water Resources, Northern District"
SQL,SOQUEL CREEK,SAN LORENZO R,SANTA CRUZ,-121.95,36.983,30,Santa Cruz County
SR1,SHERMAN PEAK REPEATER,TULARE LAKE WESTSIDE,TULARE,-118.39,36.01,9900,US Army Corps of Engineers
SRC,SIERRA CITY,YUBA R,SIERRA,-120.6528,39.5678,4700,CA Dept of Water Resources
SRD,SACRAMENTO RIVER AT HOOD (USGS),SACRAMENTO R,SACRAMENTO,-121.52,38.368,10,US Geological Survey
SRE,SHASTA R NR EDGEWOOD,SHASTA R,SISKIYOU,-122.4393997,41.47288132,3000,CA Dept of Water Resources
SRH,SACRAMENTO RIVER AT HOOD,SACRAMENTO R,SACRAMENTO,-121.519,38.382,4,"CA Dept of Water Resources, DES"
SRL,STIRLING CITY,FEATHER R,BUTTE,-121.5278,39.9044,3520,CA Dept of Water Resources
SRM,SHASTA RIVER NEAR MONTAGUE,SHASTA R,SISKIYOU,-122.5380783,41.70903015,2458,US Geological Survey
SRV,SACRAMENTO RIVER AT RIO VISTA (USGS),SACRAMENTO R,SOLANO,-121.686,38.16,0,US Geological Survey
SRX,SHASTA R CROSS CNL WEIR AT DWINNELL DAM,SHASTA R,SISKIYOU,-122.3747,41.54199,2750,"CA Dept of Water Resources, DES"
SRY,SHASTA RIVER NEAR YREKA,SHASTA R,SISKIYOU,-122.5955811,41.82291794,2000,US Geological Survey
SSD,SUSAN R NR STANDISH,SUSAN R,LASSEN,-120.4350357,40.38109207,4030,CA Dept of Water Resources
SSH,SALT SLOUGH AT HWY 165 NR STEVINSON,SAN JOAQUIN R,MERCED,-120.8511,37.2478,75,US Geological Survey
SSK,SACRAMENTO SLOUGH NR KARNAK,SACRAMENTO R,SUTTER,-121.6377563,38.77936554,20,CA Dept of Water Resources
SSL,SIERRA SNOW LAB,YUBA R,NEVADA,-120.367,39.319,6950,CA Dept of Water Resources/Snow Surveys
SSP,SESPE CREEK NR FILLMORE,SANTA CLARA R,VENTURA,-118.9273224,34.44166183,565,US Geological Survey
SSS,STEAMBOAT SLOUGH BTW SAC R AND SUTTER SL,SACRAMENTO R,SACRAMENTO,-121.587,38.285,10,US Geological Survey
SSU,SUSAN RIVER AT SUSANVILLE,SUSAN R,LASSEN,-120.6642227,40.41371536,4190,CA Dept of Water Resources
STF,SANTA CLARA RIVER AT FREEMAN DIVERSION,SANTA CLARA R,VENTURA,-119.1078,34.2994,187,Ventura County
STH,NAPA RIVER NEAR ST HELENA,NAPA R,NAPA,-122.4558105,38.51129913,195,US Geological Survey
STI,STATEN ISLAND,DELTA,SAN JOAQUIN,-121.497,38.117,0,US Bureau of Reclamation
STO,SF TUOLUMNE R NR OAKLAND REC CAMP,TUOLUMNE R,TUOLUMNE,-120.0119,37.8217,2800,City of San Francisco
STP,STAMPEDE,TRUCKEE R,SIERRA,-120.103,39.471,5956,US Geological Survey
SUC,SUISUN CREEK AT CORDELIA RD,DELTA,SOLANO,-122.1068,38.2242,0,"CA Dept of Water Resources, DES"
SUR,SUGAR CUT,DELTA,SAN JOAQUIN,-121.419333,37.78847,35,CA Dept of Water Resources/NCRO
SUT,SUTTER SLOUGH AT COURTLAND,SACRAMENTO R,SACRAMENTO,-121.5772,38.3286,0,US Geological Survey
SVD,SAN VICENTE DAM,SAN DIEGO R,SAN DIEGO,-116.924,32.913,663,San Diego County
SVL,SIERRAVILLE (DWR),FEATHER R,SIERRA,-120.367,39.583,4975,CA Dept of Water Resources/O & M
SVT,SAN VICENTE,SAN DIEGO R,SAN DIEGO,-116.924,32.912,560,City of San Diego
SWA,SAN JOAQUIN R NR WASHINGTON RD,SAN JOAQUIN R,MERCED,-120.587,37.11532,109,CA Dept of Water Resources/SJ District
SWC,S. FK WILLOW CK BLW BROWN'S CK DIV DAM,SAN JOAQUIN R,MADERA,-119.5006,37.2929,2635,Pacific Gas & Electric
SYC,SYCAMORE CANYON,SANTA CLARA R,VENTURA,-119.076,34.583,4800,Ventura County
SYH,SANTA YNEZ R AT H ST NR LOMPOC,SANTA YNEZ R,SANTA BARBARA,-120.4579391,34.66831589,57,US Geological Survey
SYS,SANTA YSABEL,SAN DIEGO R,SAN DIEGO,-116.673,33.109,2990,San Diego County
TAF,TRAVIS AFB,DELTA,SOLANO,-121.9333,38.2667,59,National Weather Service
TAI,TUOLUMNE R ABV EARLY INTAKE NEAR MATHER,TUOLUMNE R,TUOLUMNE,-119.9471283,37.87936783,2420,US Geological Survey
TAP,TEHACHAPI AIRPORT,CALIENTE CR,KERN,-118.438,35.133,3890,Kern County
TAS,TASSAJARA,EAST BAY,CONTRA COSTA,-121.874947,37.787441,30,Contra Costa County
TBB,TRUCKEE R AT BOCA BRIDGE,TRUCKEE R,NEVADA,-120.0876999,39.38518524,5484,US Geological Survey
TBH,SOUTH FORK TRINITY RIVER BELOW HYAMPOM,TRINITY R,HUMBOLDT,-123.4942017,40.6498642,12,US Geological Survey
TBI,TUOLUMNE R BL EARLY INTAKE NEAR MATHER,TUOLUMNE R,TUOLUMNE,-119.9701843,37.8815918,2200,US Geological Survey
TBR,TRINITY RIVER NEAR BURNT RANCH,TRINITY R,TRINITY,-123.4400406,40.78874969,944,US Geological Survey
TCD,TULE R CONDUIT BLW TULE DIV DAM,TULE R,TULARE,-118.6569,36.2086,5100,Pacific Gas & Electric
TDD,N FK OF M FK TULE R BLW TULE DIV DAM,TULE R,TULARE,-118.6575,36.2086,5100,Pacific Gas & Electric
TDO,NF OF MF TULE R BLW DOYLE SPRINGS,TULE R,TULARE,-118.6672,36.2047,3920,"Pacific Gas and Electric Company, Auberry"
TEA,TEAL CLUB AT FRANK HORAN SLOUGH,DELTA,SOLANO,-122.0872,38.1766,0,"CA Dept of Water Resources, DES"
TEH,SACRAMENTO RIVER AT TEHAMA BRIDGE,SACRAMENTO R,TEHAMA,-122.117981,40.02875519,213,CA Dept of Water Resources
TES,TIOGA PASS ENTRY STATION,TUOLUMNE R,TUOLUMNE,-119.257,37.911,9945,CA Dept of Water Resources
TGC,TUOLUMNE R AT THE GRAND CYN OF TUOLUMNE,TUOLUMNE R,TUOLUMNE,-119.6598969,37.91658783,3830,US Geological Survey
TGS,TRINITY GUARD STATION,TRINITY R,TRINITY,-122.66,40.825,4100,US Bureau of Reclamation
THC,LAKE TAHOE AT TAHOE CITY,TRUCKEE R,PLACER,-120.119,39.182,6230,CA Dept of Water Resources
THO,THOMES CREEK AT PASKENTA,SACRAMENTO R,TEHAMA,-122.5285645,39.88784027,720,CA Dept of Water Resources
THP,THOMPSON CREEK DAM,LOS ANGELES R,LOS ANGELES,-117.709,34.139,1600,None Specified
TIS,SACTO R AT TISDALE WEIR (CREST 45.5'),SACRAMENTO R,SUTTER,-121.8220825,39.02643967,45,CA Dept of Water Resources
TJC,TRINITY R AT JUNCTION CITY,TRINITY R,TRINITY,-123.0619736,40.72847748,1445,US Geological Survey
TKT,TRUCKEE RIVER AT TAHOE,LAKE TAHOE,PLACER,-120.143,39.164,6217,US Geological Survey
TLD,TILDEN PARK,EAST BAY,CONTRA COSTA,-122.222,37.883,1905,Contra Costa County
TLH,TELEGRAPH HILL,TUOLUMNE R,TUOLUMNE,-120.353,38.03,3730,US Bureau of Reclamation
TLK,TRINITY RIVER BELOW LIMEKILN GULCH,TRINITY R,TRINITY,-122.919,40.673,1650,US Geological Survey
TLR,TULE R NR ROAD 64,TULE R,TULARE,-119.4289,36.0872,240,US Army Corps of Engineers
TM1,THOMPSON MEADOW SITE #1,FEATHER R,PLUMAS,-120.476418,39.979199,5504,"CA Dept of Water Resources, Northern District"
TM2,THOMPSON MEADOW SITE #2,FEATHER R,PLUMAS,-120.472696,39.974259,5466,"CA Dept of Water Resources, Northern District"
TM3,THOMPSON MEADOW SITE #3,FEATHER R,PLUMAS,-120.479876,39.980137,5496,"CA Dept of Water Resources, Northern District"
TMP,TOMASINI POINT,COAST-MARIN,MARIN,-122.85,38.117,40,CA Dept of Health Services (Richmond)
TMR,TAMARACK SUMMIT,SAN JOAQUIN R,FRESNO,-119.2,37.165,7550,US Bureau of Reclamation
TMS,THREE MILE SLOUGH,SACRAMENTO R,SACRAMENTO,-121.7,38.106,15,CA Dept of Water Resources
TOK,THOUSAND OAKS RAWS,SANTA CLARA R,VENTURA,-118.87,34.21,795,Ventura County Fire
TOT,COMBINED SSD & WCD FLOWS,SUSAN R,LASSEN,-120.4342,40.3814,4030,CA Dept of Water Resources
TPI,TOM PAINE SLOUGH ABV INTAKE STRUCTURE,SAN JOAQUIN R,SAN JOAQUIN,-121.4172,37.7903,9,CA Dept of Water Resources
TPP,TOM PAINE SLOUGH NR PESCADERO,SAN JOAQUIN R,SAN JOAQUIN,-121.35,37.7622,10,CA Dept of Water Resources/O & M
TPS,TOM PAINE SLOUGH ABV THE MOUTH,SAN JOAQUIN R,SAN JOAQUIN,-121.4175,37.7908,9,CA Dept of Water Resources/NCRO
TRC,TRINITY R ABV COFFEE CR NR TRINITY CTR,TRINITY R,TRINITY,-122.7055817,41.11125565,2537,US Geological Survey
TRH,TUOLUMNE RIVER NEAR HETCH HETCHY,TUOLUMNE R,TUOLUMNE,-119.798233,37.93741989,3430,US Geological Survey
TRK,TRUCKEE RIVER NEAR TRUCKEE,TRUCKEE R,NEVADA,-120.2054749,39.29629517,5858,US Geological Survey
TRM,TERMINUS DAM,KAWEAH R,TULARE,-119.002,36.415,752,US Army Corps of Engineers
TRN,TURNER CUT NEAR HOLT,SAN JOAQUIN R,SAN JOAQUIN,-121.4542,37.9928,0,US Geological Survey
TRP,TRACY PUMPING PLANT,SAN JOAQUIN R,SAN JOAQUIN,-121.585,37.8,3,CA Dept of Water Resources/O & M
TRV,NF OF MF TULE R CNL BL DOYLE SPRGS PUMP,TULE R,TULARE,-118.6947,36.1708,5050,"Pacific Gas and Electric Company, Auberry"
TRW,TUOLUMNE R AT WATERFORD,TUOLUMNE R,STANISLAUS,-120.76556,37.6336,100,CA Dept of Water Resources/SJ District
TSC,SF TULE R NR SUCCESS,TULE R,TULARE,-118.8567,36.0425,770,US Army Corps of Engineers
TSG,TULE R NR SPRINGVILLE,TULE R,TULARE,-118.8686,36.1006,680,US Army Corps of Engineers
TSL,THREEMILE SLOUGH AT SAN JOAQUIN RIVER,SACRAMENTO R,SACRAMENTO,-121.687,38.09,10,US Geological Survey
TSP,NF OF MF TULE R NR SPRINGVILLE,TULE R,TULARE,-118.6947,36.1747,2920,"Pacific Gas and Electric Company, Auberry"
TTC,TRUCKEE RIVER AT TAHOE CITY,TRUCKEE R,PLACER,-120.1443558,39.1662941,5930,US Geological Survey
TTT,TEST STATION,ALAMEDA CR,ALAMEDA,-120.7,34.3,1000,CA Dept of Water Resources
TUR,KLAMATH R NR KLAMATH (TURWAR CREEK),KLAMATH R,DEL NORTE,-123.999,41.515,6,USGS and DWR
TVL,THOMPSON VALLEY,FEATHER R,PLUMAS,-120.4789,39.979,5404,CA Dept of Water Resources
TWA,OLD RIVER AT TRACY WILDLIFE ASSOCIATION,SAN JOAQUIN R,SAN JOAQUIN,-121.4574,37.8028,0,CA Dept of Water Resources/NCRO
TWC,TWEEDY CREEK,CALIENTE CR,KERN,-118.471,35.221,3620,Kern County
TWS,THERMALITO RIVER OUTLET WEATHER STATION,FEATHER R,BUTTE,-121.671,39.458,110,CA Dept of Water Resources/O & M
TYR,TAYLOR RIDGE,TRINITY R,TRINITY,-122.817,40.917,4000,US Bureau of Reclamation
UCC,UPPER CHERRY CK,TUOLUMNE R,TUOLUMNE,-119.901417,38.031331,4750,San Francisco County
UMN,MT. UMUNHUM #2,SF BAY,SANTA CLARA,-121.904,37.158,3090,Santa Clara County
UNI,UNION ISLAND,DELTA,SAN JOAQUIN,-121.376,37.824,0,US Bureau of Reclamation
UPT,UPPER TRUCKEE AT SOUTH LAKE TAHOE,TRUCKEE R,EL DORADO,-119.9915695,38.92240906,6229,US Geological Survey
VCA,SANTA CLARA RIVER AT VICTORIA AVENUE,SANTA CLARA R,VENTURA,-119.2158,34.235,30,Ventura County
VCU,VICTORIA CANAL NEAR BYRON,DELTA,SAN JOAQUIN,-121.5283,37.8717,0,US Geological Survey
VEN,VENADO,RUSSIAN R,SONOMA,-123.017,38.617,1260,CA Dept of Water Resources
VER,VERNALIS (USBR),SAN JOAQUIN R,SAN JOAQUIN,-121.267,37.667,0,US Bureau of Reclamation
VFP,VENTURA RIVER - FOSTER PARK,VENTURA R,VENTURA,-119.31,34.35,200,US Geological Survey
VIC,VICTORIA ISLAND,DELTA,SAN JOAQUIN,-121.489,37.891,0,US Bureau of Reclamation
VIL,VAIL LAKE,SANTA MARGARITA R,RIVERSIDE,-116.976,33.496,1470,Rancho Calif Water District
VIN,SACRAMENTO RIVER AT VINA BRIDGE-MAIN CH,SACRAMENTO R,TEHAMA,-122.0924683,39.90873718,185,CA Dept of Water Resources
VNI,SAN JOAQUIN RIVER AT VENICE ISLAND,SAN JOAQUIN R,SAN JOAQUIN,-121.496,38.05,0,CA Dept of Water Resources/O & M
VNM,VAN MAREN,SACRAMENTO R,SACRAMENTO,-121.308,38.7,118,Sacramento County
VNO,SACRAMENTO R AT VINA EAST BANK O/F,SACRAMENTO R,TEHAMA,-122.0924683,39.90873718,185,"CA Dept of Water Resources, Northern District"
VNS,SAN JOAQUIN RIVER NEAR VERNALIS,SAN JOAQUIN R,SAN JOAQUIN,-121.2663269,37.67604065,35,USGS and DWR
VOL,VOLANTI,DELTA,SOLANO,-122.046,38.181,8,"CA Dept of Water Resources, DES"
VON,SACRAMENTO RIVER AT VERONA,SACRAMENTO R,SUTTER,-121.5982895,38.7743454,43,USGS and DWR
VRN,VIEIRA RANCH,SAN JOAQUIN R,SAN JOAQUIN,-121.469,37.665,372,San Joaquin County
VRS,DRY CREEK AT VERNON STREET BRIDGE,AMERICAN R,SACRAMENTO,-121.301,38.734,140,City of Roseville
VTC,VENTANA CONE,CARMEL R,MONTEREY,-121.714,36.3,4750,Monterey County
VTU,VENTURA COUNTY GOVERNMENT CENTER,SANTA CLARA R,VENTURA,-119.209,34.268,280,Ventura County
W14,W14 WILLOW CK DIV TO NO. 1 CONDUIT,SAN JOAQUIN R,MADERA,-119.4973,37.2073,2472,"Pacific Gas and Electric Company, Auberry"
WBE,WALKER BASIN (EAST),CALIENTE CR,KERN,-118.412,35.384,4220,Kern County
WBN,WALKER BASIN,CALIENTE CR,KERN,-118.546,35.382,3230,Kern County
WBP,WEST BIG PINE,SANTA YNEZ R,SANTA BARBARA,-119.66444,34.69056,6360,Santa Barbara County
WBR,MOKELUMNE RIVER AT WOODBRIDGE,MOKELUMNE R,SAN JOAQUIN,-121.302,38.159,46,East Bay Municipal Utility District
WCB,NO FK WILLOW CK BLW BASS LAKE,SAN JOAQUIN R,MADERA,-119.5278,37.2933,3200,Pacific Gas & Electric
WCD,WILLOW CREEK NEAR STANDISH,SURPRISE VALLEY,LASSEN,-120.4349976,40.38116837,4030,CA Dept of Water Resources
WCF,SOUTH FORK WILLOW CREEK NEAR FRUTO,SACRAMENTO R,GLENN,-122.389,39.541,400,CA Dept of Water Resources/Flood Management
WCI,WEST CANAL AT CLIFTON COURT INTAKE,SAN JOAQUIN R,CONTRA COSTA,-121.554,37.8316,0,CA Dept of Water Resources/NCRO
WCK,WHITEROCK CREEK,CALIENTE CR,KERN,-118.411,35.205,6650,Kern County
WCN,WATER CANYON,CALIENTE CR,KERN,-118.484,35.072,5760,Kern County
WCR,W-26 WILLOW CREEK AT REX RANCH,SAN JOAQUIN R,MADERA,-119.493,37.1919,2300,"Pacific Gas and Electric Company, Auberry"
WCY,WALNUT CREEK AT YGNACIO VALLEY ROAD,EAST BAY,CONTRA COSTA,-122.0567,37.9069,99,Contra Costa County
WDD,CARSON RIVER WF AT WOODFORDS,CARSON R,ALPINE,-119.832,38.769,5754,National Weather Service
WFM,"WEST FORK MOJAVE RIVER, UPPER CLEGHORN",MOJAVE R,SAN BERNARDINO,-117.3711,34.285,3550,CA Dept of Water Resources/O & M
WFR,WEST BRANCH FEATHER RIVER NEAR MAGALIA,FEATHER R,BUTTE,-121.5711823,39.81398392,1380,CA Dept of Water Resources
WHI,WHISKEYTOWN DAM (USBR),SACRAMENTO R,SHASTA,-122.537,40.598,1210,US Bureau of Reclamation
WIL,WILLITS HOWARD RS,RUSSIAN R,MENDOCINO,-123.3217,39.3506,1925,CA Dept of Water Resources
WLB,WILLOW BROOK NEAR STONY POINT ROAD,PETALUMA R,SONOMA,-122.711,38.275,30,City of Petaluma
WLD,WOODLAND,SACTO VLY WEST,YOLO,-121.795,38.688,70,Yolo County
WLK,SACRAMENTO RIVER BELOW WILKINS SLOUGH,SACRAMENTO R,SUTTER,-121.8246918,39.00989532,30,US Geological Survey
WLN,WALNUT CREEK SB,SAN GABRIEL R,LOS ANGELES,-117.874,34.074,520,None Specified
WP1,WARNE POWER PLANT PENSTOCK 1,SANTA CLARA R,LOS ANGELES,-118.7881,34.6852,2600,CA Dept of Water Resources/O & M
WP2,WARNE POWER PLANT COOLING WATER SUPPLY,SANTA CLARA R,LOS ANGELES,-118.7881,34.6852,2600,CA Dept of Water Resources/O & M
WP3,WARNE POWER PLANT COOLING WATER RETURN,SANTA CLARA R,LOS ANGELES,-118.7881,34.6852,2600,CA Dept of Water Resources/O & M
WP4,WARNE POWER PLANT DRAINAGE SUMP,SANTA CLARA R,LOS ANGELES,-118.7881,34.6852,2600,CA Dept of Water Resources/O & M
WPF,WEST PLAINFIELD,PUTAH CR,YOLO,-121.8425,38.5719,78,US Army Corps of Engineers
WRC,WHITE RIVER NEAR COHO,WHITE R,TULARE,-118.84,35.817,1080,Delano Earlimart Irrigation District
WRM,DRY CK BLW WARM SPRINGS DAM,RUSSIAN R,SONOMA,-122.9994,38.7197,188,US Army Corps of Engineers
WRS,WARM SPRINGS (USACE),RUSSIAN R,SONOMA,-123.01,38.723,440,US Army Corps of Engineers
WRT,WARTHAN CREEK,LOS GATOS CR (NEAR COALINGA),FRESNO,-120.443,36.098,989,CA Dept of Water Resources
WRV,WHITE RIVER AT ROAD 208,WHITE R,TULARE,-119.107,35.859,460,Delano Earlimart Irrigation District
WSF,WEAPONS STATION FIRE,EAST BAY,CONTRA COSTA,-122.02,38.019,49,Contra Costa County
WSL,WILLOW SLOUGH AT SB WEST BURROW PIT,SACRAMENTO R,SUTTER,-121.6275558,38.91458893,28,CA Dept of Water Resources
WSP,WHISPERING PINES,PUTAH CR,LAKE,-122.717,38.8,2700,CA Dept of Water Resources
WSW,WESTLEY WATERWAY,SAN JOAQUIN R,STANISLAUS,-121.1601,37.5576,57,CA Dept of Water Resources
YBY,YOLO BYPASS NEAR WOODLAND,SACRAMENTO R,YOLO,-121.6441269,38.67768097,-3,US Geological Survey
YDR,SANTA MARGARITA RIVER - YSIDORA,SANTA MARGARITA R,SAN DIEGO,-117.39,33.24,75,US Geological Survey
YGF,YGNACIO VALLEY FIRE,EAST BAY,CONTRA COSTA,-122.028,37.938,83,Contra Costa County
YKL,YOKOHL CK - GARCIA BRIDGE,KAWEAH R,TULARE,-119.0792,36.3275,460,US Army Corps of Engineers
YOR,YORKVILLE,RUSSIAN R,MENDOCINO,-123.2314,38.9053,1100,CA Dept of Water Resources
YOW,YOSEMITE NEAR WAWONA,MERCED R,MARIPOSA,-119.632,37.508,4957,Merced Irrigation District
YRS,YUBA RIVER NEAR SMARTVILLE,YUBA R,YUBA,-121.2741241,39.23517227,280,Pacific Gas & Electric
YUB,FEATHER RIVER AT YUBA CITY,FEATHER R,SUTTER,-121.6,39.133,80,CA Dept of Water Resources
YYV,YOSEMITE AT YOSEMITE VALLEY,MERCED R,MARIPOSA,-119.589,37.74,4200,Merced Irrigation District
ZEN,ZENIA,EEL R,TRINITY,-123.46,40.208,4000,CA Dept of Water Resources
ZPC,ZAPATO CHINO,LOS GATOS CR (NEAR COALINGA),FRESNO,-120.293,36.016,1150,CA Dept of Water Resources
